,순,마명,레이팅1,레이팅2,레이팅3,레이팅4,조,등급,산지,성별,연령,전적,최근출전일,비고,,
0,1,강토마,111,108,110,110,10,국1,한국,거,7,31(9/8/2),2022/03/13-11R, ,,"비고(금 : 금주출전예정마, 차 : 차주출전예정마, 특 : 특대상경주출전예정마)"
1,2,개나리송,89,90,91,91,18,국1,한국,거,6,19(8/2/0),2022/02/20-11R, ,,
2,3,갤럽컬린,81,82,82,73,34,외1,미국,거,6,20(5/2/3),2022/02/13-11R,금,,
3,4,굿필승,88,78,78,69,4,외1,미국,수,4,10(5/3/1),2022/02/19-9R,차,,
4,5,글로벌캡틴,114,113,115,115,10,외1,미국,수,6,22(8/1/3),2022/03/20-11R, ,,
5,6,금아애크미,81,81,81,81,42,국1,한국,수,6,23(6/3/2),2022/03/13-11R, ,,
6,7,다크플레이어,87,87,84,84,42,외1,미국,수,6,26(3/6/3),2022/02/13-11R,금,,
7,8,더검푸,102,104,105,106,30,외1,미국,거,5,20(6/1/2),2022/02/13-11R,금,,
8,9,도끼블레이드,102,103,103,100,18,국1,한국,수,6,19(5/6/0),2022/01/30-9R, ,,
9,10,돌콩,132,129,129,126,20,외1,미국,수,8,14(8/3/0),2019/10/06-9R, ,,
10,11,딕시어게인,95,86,81,81,14,국1,한국,거,6,16(8/2/1),2022/03/20-11R, ,,
11,12,라온더파이터,132,120,105,90,1,국1,한국,수,4,10(10/0/0),2022/02/20-11R, ,,
12,13,라온탑맨,82,82,79,75,1,국1,한국,거,5,15(4/4/4),2021/12/05-10R, ,,
13,14,라온퍼스트,115,103,98,89,1,국1,한국,암,5,16(9/1/3),2022/01/30-9R,특,,
14,15,레전드데이,86,87,87,82,10,외1,미국,수,4,13(7/2/0),2022/03/20-11R, ,,
15,16,롤러블레이드,85,84,84,76,31,국1,한국,수,5,12(7/1/0),2022/01/30-9R, ,,
16,17,릴패트론,99,98,99,100,99,외1,미국,거,6,24(4/5/2),2022/02/13-11R, ,,
17,18,마스크,97,97,97,95,21,국1,한국,수,7,29(5/6/5),2022/03/20-11R, ,,
18,19,마이티고,104,103,101,90,24,외1,미국,거,5,15(6/3/1),2022/02/20-11R, ,,
19,20,메니히어로,111,107,92,92,52,국1,한국,수,5,20(10/4/2),2022/01/30-9R, ,,
20,21,명품축제,89,89,88,87,17,국1,한국,수,6,28(5/1/6),2022/02/27-11R, ,,
21,22,모르피스,128,128,130,130,42,외1,미국,거,7,35(10/7/6),2022/03/20-11R, ,,
22,23,문학치프,138,138,138,137,10,외1,미국,수,7,29(14/5/3),2022/02/27-11R, ,,
23,24,문학타이거,94,95,96,96,50,외1,미국,수,6,25(5/4/2),2022/02/27-11R,금,,
24,25,바램,82,77,77,71,18,외1,미국,암,6,13(4/5/0),2022/03/12-9R, ,,
25,26,브리가디어제너럴,101,102,102,102,12,외1,호주,수,6,22(6/4/4),2022/02/27-11R, ,,
26,27,블랙머스크,93,87,80,80,52,외1,미국,수,4,11(6/2/0),2022/03/20-11R, ,,
27,28,샴로커,121,123,125,125,40,외1,미국,수,9,51(6/12/10),2022/02/27-11R,금,,
28,29,선라이팅,94,96,97,98,12,외1,미국,수,7,31(5/4/2),2022/02/20-11R, ,,
29,30,슈퍼삭스,123,118,118,118,34,외1,미국,거,7,31(11/1/4),2022/03/13-11R, ,,
30,31,스프링백,108,109,110,110,22,외1,미국,거,6,25(6/4/0),2022/02/20-11R, ,,
31,32,심장의고동,117,107,107,100,49,국1,한국,수,6,24(9/1/3),2022/02/27-11R,금,,
32,33,아이언삭스,102,94,95,95,14,외1,미국,수,5,21(7/3/2),2022/02/13-11R, ,,
33,34,야호스마트캣,89,90,91,92,50,국1,한국,거,7,29(8/1/2),2022/01/30-9R, ,,
34,35,어나더스마트원,95,97,97,98,42,외1,미국,거,8,34(6/4/3),2022/03/13-11R, ,,
35,36,어마어마,127,128,128,127,40,외1,미국,수,5,15(10/2/1),2022/03/20-11R, ,,
36,37,엠제이파워,101,102,102,102,52,외1,미국,거,6,26(5/4/4),2022/02/13-11R,차,,
37,38,왕벚꽃,97,92,88,83,99,외1,미국,거,6,16(4/5/1),2022/02/13-11R, ,,
38,39,우리,84,81,81,81,21,외1,미국,수,6,19(5/1/2),2021/10/03-9R,차,,
39,40,울트라펀치,88,90,91,91,22,외1,미국,거,6,27(5/3/3),2022/02/13-11R, ,,
40,41,원더풀이블,85,85,85,85,12,국1,한국,수,6,27(7/3/1),2022/02/27-11R, ,,
41,42,위너골드,118,118,117,115,5,외1,미국,수,7,33(9/6/6),2022/02/27-11R,금,,
42,43,이스트제트,122,122,122,122,33,국1,한국,거,5,18(9/4/0),2022/03/20-11R, ,,
43,44,장산클리어,85,74,72,65,31,외1,미국,거,4,8(5/2/1),2022/02/26-9R, ,,
44,45,정문사이,81,81,77,75,6,국1,한국,수,6,18(6/2/3),2022/01/30-9R,금,,
45,46,짱콩,107,107,106,101,20,외1,미국,수,7,27(5/4/5),2021/12/26-8R, ,,
46,47,청담도끼,134,136,138,138,30,외1,미국,거,8,38(18/7/2),2021/12/26-8R, ,,
47,48,청담제왕,90,92,94,95,30,외1,미국,수,7,37(5/6/4),2022/03/20-11R, ,,
48,49,청담지니,94,94,95,96,30,외1,미국,거,6,20(5/2/1),2022/02/20-11R, ,,
49,50,청수여걸,86,86,87,89,18,외1,미국,암,7,18(2/5/1),2021/10/31-7R,특,,
50,51,카빙크로스,88,85,85,85,52,국1,한국,수,5,15(8/1/2),2022/03/13-11R, ,,
51,52,컴플리트스윕,91,92,93,93,11,국1,한국,수,7,28(6/5/4),2022/03/13-11R, ,,
52,53,큐피드가이,100,100,91,86,54,외1,미국,거,6,21(5/6/3),2022/01/09-11R, ,,
53,54,클리어검,88,88,84,83,51,국1,한국,암,6,24(6/4/3),2022/01/23-11R,특,,
54,55,탭패션드,81,81,81,81,52,외1,미국,거,7,31(3/4/5),2022/02/20-11R,차,,
55,56,토스코노바캣,97,97,95,97,99,외1,미국,수,7,29(5/5/5),2021/11/27-10R, ,,
56,57,티즈플랜,138,138,138,137,99,외1,미국,수,7,26(11/5/1),2022/03/13-11R, ,,
57,58,플래티넘유로,85,86,86,86,51,국1,한국,거,6,18(6/2/0),2022/03/13-11R, ,,
58,59,행복왕자,122,107,99,87,4,외1,미국,수,5,16(8/3/1),2021/12/26-8R,금,,
59,60,허쉬대보,84,84,86,87,25,국1,한국,수,6,18(7/2/0),2022/03/13-11R, ,,
60,61,흑전사,120,118,115,115,52,국1,한국,수,6,21(9/4/2),2022/02/27-11R, ,,
61,62,흥복드림,81,81,81,81,27,외1,미국,거,6,26(3/6/4),2022/03/20-11R, ,,
62,63,흥행질주,109,100,98,98,48,국1,한국,수,5,19(8/2/5),2022/01/23-11R, ,,
0,1,가로수길,67,62,59,52,34,국2,한국,수,6,9(4/3/0),2022/03/12-8R, ,,
1,2,고업,66,66,65,62,13,국2,한국,암,5,11(3/5/0),2022/02/26-9R,차,,
2,3,글로벌삭스,71,64,61,56,9,외2,미국,거,5,12(4/4/1),2021/12/12-10R,금,,
3,4,금로열,73,73,72,67,5,국2,한국,수,6,23(5/4/2),2022/03/20-8R, ,,
4,5,금아홀섬,74,74,73,70,14,외2,미국,거,6,17(4/2/2),2021/09/11-9R, ,,
5,6,님의향기,68,68,66,67,30,국2,한국,수,6,29(3/6/7),2022/03/12-9R, ,,
6,7,대군제패,68,69,69,67,99,외2,미국,수,6,18(2/5/1),2022/01/29-9R, ,,
7,8,대박행진,68,69,70,71,42,외2,미국,암,6,25(1/6/2),2021/11/07-10R, ,,
8,9,대변화,69,69,69,69,49,국2,한국,거,7,44(4/6/5),2022/03/20-8R, ,,
9,10,대한질주,80,80,68,58,53,국2,한국,수,4,11(6/3/1),2022/03/20-8R, ,,
10,11,돌아온날리,67,67,68,68,41,외2,미국,수,8,37(1/4/6),2022/03/12-9R, ,,
11,12,디터미네이션,79,70,64,54,12,국2,한국,수,5,16(6/1/3),2022/03/20-8R, ,,
12,13,라온핑크,76,71,71,70,1,국2,한국,암,4,11(6/3/0),2022/01/29-9R,특,,
13,14,러블리케이,66,67,67,67,5,외2,미국,암,4,13(4/0/2),2022/02/19-9R,특,,
14,15,럭키법전,72,73,73,73,50,국2,한국,수,5,18(5/4/4),2022/02/26-9R, ,,
15,16,레이디켈리,73,65,65,65,26,국2,한국,암,5,15(6/1/2),2022/02/26-8R, ,,
16,17,레이먼드,76,76,77,77,42,국2,한국,수,6,30(5/3/8),2022/03/20-8R, ,,
17,18,레전드스톰,66,67,68,69,10,국2,한국,수,5,11(4/2/0),2022/02/12-9R, ,,
18,19,로드반,75,69,65,61,12,외2,미국,수,5,10(3/3/2),2021/02/21-13R, ,,
19,20,루킹굿,67,64,64,61,25,국2,한국,수,6,16(4/0/6),2022/03/20-8R, ,,
20,21,마이티뉴,67,66,66,67,24,외2,뉴질랜드,거,5,13(3/2/3),2022/03/12-9R, ,,
21,22,마이티수,75,74,74,71,24,외2,미국,수,5,14(5/2/2),2022/01/08-8R,금,,
22,23,마이티칩,70,63,54,54,24,외2,미국,수,4,9(4/0/2),2022/02/12-8R, ,,
23,24,마이티후,69,60,60,48,24,외2,미국,수,4,12(3/1/1),2022/02/20-10R,차,,
24,25,마이호크,66,66,66,67,10,국2,한국,수,6,27(5/3/2),2022/03/12-9R, ,,
25,26,마크스토리,73,73,73,73,25,외2,미국,거,5,10(3/0/0),2022/01/29-9R, ,,
26,27,멋진왕자,67,68,68,65,4,외2,미국,수,5,20(2/4/2),2022/02/26-9R, ,,
27,28,메니스피드,69,69,66,63,11,국2,한국,수,6,32(3/7/9),2022/03/20-8R, ,,
28,29,메니챔프,69,69,63,56,99,국2,한국,수,5,22(5/3/2),2022/03/12-9R, ,,
29,30,명진플라이,66,66,66,66,99,외2,미국,거,5,16(2/3/0),2022/01/08-8R, ,,
30,31,무도,69,70,70,70,42,국2,한국,수,6,20(5/3/2),2022/02/12-9R,금,,
31,32,문학보스,70,70,70,63,1,외2,미국,거,5,19(3/1/3),2022/02/26-9R, ,,
32,33,문학조이,76,77,78,80,10,외2,미국,수,6,23(4/2/0),2021/10/02-9R,차,,
33,34,문학킹,72,73,73,69,99,외2,미국,거,5,17(3/2/3),2022/02/19-9R, ,,
34,35,바이킹스톰,75,65,61,54,18,외2,미국,수,4,9(4/1/1),2022/01/22-9R,금,,
35,36,별나라신사,74,75,76,76,99,외2,미국,수,5,14(3/3/0),2022/02/12-9R, ,,
36,37,볼트맨,75,67,60,53,52,외2,미국,거,4,9(6/2/0),2022/01/29-9R,금,,
37,38,블루키톤,77,77,77,77,53,외2,미국,수,5,19(4/3/1),2022/02/19-9R,금,,
38,39,새내선,69,69,58,48,6,외2,미국,암,4,8(3/0/2),2022/03/12-9R, ,,
39,40,서울의별,75,75,76,77,53,국2,한국,암,7,43(4/3/7),2022/03/20-8R, ,,
40,41,서울탱크,75,75,75,75,15,외2,미국,거,8,58(2/8/2),2022/02/19-9R,금,,
41,42,센스쟁이,66,63,51,52,22,외2,미국,거,6,27(1/7/0),2022/02/20-10R,금,,
42,43,소울메리트,74,65,56,50,18,외2,미국,수,5,9(4/0/1),2022/02/27-9R, ,,
43,44,스피돔,68,69,69,69,8,외2,미국,거,5,9(3/1/0),2022/02/26-9R, ,,
44,45,승부사,71,65,56,46,10,국2,한국,수,3,7(5/0/2),2022/03/06-8R, ,,
45,46,싱싱메리,66,66,66,67,29,외2,미국,암,6,17(2/1/3),2022/02/26-9R,특,,
46,47,아이스펀치,75,75,75,74,42,국2,한국,수,5,16(6/2/3),2022/03/12-9R, ,,
47,48,액티몬,67,68,68,68,30,외2,미국,거,6,17(2/4/1),2022/01/08-8R, ,,
48,49,엉클오,70,71,72,72,14,외2,미국,수,6,14(4/0/4),2022/02/12-9R, ,,
49,50,에코빌,76,76,77,77,34,외2,미국,수,5,19(2/7/3),2021/12/11-10R, ,,
50,51,연희일출,71,71,67,64,48,국2,한국,암,5,17(5/2/3),2022/03/12-9R, ,,
51,52,옥스퍼드킹,66,59,60,60,50,국2,한국,수,4,14(5/3/1),2022/03/13-9R, ,,
52,53,원더풀트루스,69,71,71,72,24,국2,한국,암,6,27(4/4/1),2022/02/26-9R, ,,
53,54,원더풀플라이,76,76,76,77,25,국2,한국,수,6,16(5/1/0),2021/07/24-9R, ,,
54,55,위너브라운,76,76,76,75,25,국2,한국,수,6,18(6/2/2),2022/02/26-9R,금,,
55,56,위시미,69,65,64,56,8,국2,한국,암,5,8(5/1/0),2022/02/26-8R, ,,
56,57,이겨주마,71,72,73,74,6,외2,미국,거,7,31(2/6/3),2022/02/19-9R,금,,
57,58,이글스그리프터,66,66,66,66,5,외2,미국,수,7,28(2/3/1),2022/01/08-8R, ,,
58,59,인천치프,66,67,67,67,99,외2,미국,수,6,18(3/1/1),2022/02/26-9R, ,,
59,60,장산미사일,66,61,61,61,31,외2,미국,거,4,8(4/1/2),2022/02/27-9R, ,,
60,61,장산포에버,75,75,70,69,99,외2,미국,거,5,9(4/2/1),2021/12/04-10R, ,,
61,62,장산플라이,68,69,69,69,30,국2,한국,거,6,26(5/4/3),2022/02/19-9R,금,,
62,63,정상스타,66,66,66,66,15,국2,한국,암,6,19(5/2/2),2022/01/29-9R,금,,
63,64,정조의꿈,68,69,70,70,9,국2,한국,거,6,21(4/6/0),2022/02/12-9R,금,,
64,65,조우니가,69,70,70,68,21,외2,미국,암,6,26(3/3/3),2022/02/19-9R,특,,
65,66,치프인디,76,73,65,57,18,국2,한국,수,4,13(6/2/3),2022/03/20-8R, ,,
66,67,컴플리트밸류,67,63,50,41,50,국2,한국,수,3,6(5/1/0),2022/03/06-8R, ,,
67,68,콘스티솔로,69,66,63,58,99,외2,미국,거,5,6(3/3/0),2021/08/28-9R, ,,
68,69,큐피드미션,79,79,74,74,12,외2,미국,수,5,21(3/4/8),2022/02/26-9R, ,,
69,70,클린업샤인,71,71,70,70,31,외2,미국,암,5,15(3/2/3),2022/03/12-9R, ,,
70,71,클린업해피,74,71,71,67,50,국2,한국,거,5,14(4/5/3),2022/02/26-9R, ,,
71,72,킬리의제왕,72,72,73,74,40,외2,미국,수,7,24(2/2/5),2022/02/12-9R,금,,
72,73,파이널스타,74,74,74,66,5,외2,미국,거,7,16(3/1/3),2022/03/12-9R, ,,
73,74,파크삭스,66,66,66,67,14,외2,미국,수,7,28(2/5/4),2021/10/16-9R,금,,
74,75,팔팔빅토리,67,67,67,66,4,국2,한국,거,7,34(3/3/9),2022/03/20-8R, ,,
75,76,프리맥스,78,76,76,75,21,외2,미국,수,5,16(4/5/2),2022/03/12-9R, ,,
76,77,플로리다파워,72,73,74,74,14,외2,미국,암,6,16(3/0/4),2022/02/26-9R,특,,
77,78,피닉스선,70,71,72,73,99,국2,한국,거,9,19(5/2/0),2022/02/12-9R, ,,
78,79,흥록대부,72,72,70,61,48,외2,미국,거,4,14(4/1/3),2022/02/19-9R,금,,
79,80,흥바라기,80,76,71,61,48,국2,한국,수,4,9(5/3/1),2021/11/07-8R, ,,
80,81,히든삭스,68,68,67,65,9,외2,미국,수,5,19(2/4/3),2022/03/12-9R, ,,
0,1,검포,64,64,62,62,27,국3,한국,수,5,18(2/7/2),2022/03/19-8R, ,,
1,2,골든서비스,51,51,52,53,8,외3,미국,거,5,16(2/2/2),2022/03/19-9R, ,,
2,3,그린다르크,51,51,52,52,7,국3,한국,암,6,28(4/3/2),2022/03/12-8R,특,,
3,4,글로벌선더,58,58,58,55,28,국3,한국,거,5,13(3/3/2),2022/02/19-8R, ,,
4,5,글로벌신화,53,53,54,54,28,외3,미국,수,4,10(1/3/3),2022/03/20-10R, ,,
5,6,글로벌조이,54,55,55,55,10,외3,미국,암,5,18(3/3/3),2022/02/27-9R,금,,
6,7,금자유,62,63,63,64,27,외3,미국,암,5,21(2/3/2),2022/03/20-10R, ,,
7,8,남산시대,59,50,46,34,34,국3,한국,수,4,7(3/3/1),2021/12/04-9R, ,,
8,9,남산의별,61,57,55,45,34,외3,미국,수,4,14(2/1/5),2022/03/06-11R,차,,
9,10,남촌아티스트,54,56,57,58,18,외3,미국,수,7,19(2/2/0),2022/03/20-10R, ,,
10,11,노던타임,58,50,50,50,33,외3,미국,거,4,7(3/0/1),2021/12/26-6R, ,,
11,12,뉴문워리어,51,51,51,51,40,국3,한국,거,5,16(3/3/1),2022/03/20-10R, ,,
12,13,대군파워,51,51,52,53,99,국3,한국,거,6,23(3/2/4),2022/02/20-9R, ,,
13,14,대지의여인,61,61,61,54,9,국3,한국,암,5,10(6/0/1),2022/01/30-11R,특,,
14,15,더스파이커,58,57,50,51,14,외3,미국,수,6,25(1/3/3),2022/03/19-9R, ,,
15,16,돌아온뽀빠이,62,63,64,64,8,외3,미국,거,5,19(1/5/4),2022/02/20-10R,차,,
16,17,동진최강,59,49,46,46,4,국3,한국,수,4,9(4/2/0),2022/03/20-9R, ,,
17,18,두손장군,61,53,53,53,10,외3,미국,수,4,12(3/1/0),2022/03/19-9R, ,,
18,19,드림노크,52,53,53,52,99,국3,한국,암,4,10(3/2/2),2022/03/19-8R, ,,
19,20,드림패션,52,44,41,41,27,국3,한국,수,5,15(3/3/2),2022/02/27-10R, ,,
20,21,드림포레,52,53,54,54,52,국3,한국,수,5,14(3/4/1),2022/03/13-9R, ,,
21,22,디스챌린지,51,51,50,50,33,외3,미국,거,4,7(1/2/1),2022/02/20-10R, ,,
22,23,디케이나린,55,56,57,57,99,외3,미국,거,5,10(1/2/0),2022/02/12-8R, ,,
23,24,라온더스퍼트,54,54,42,32,1,국3,한국,암,3,5(3/1/0),2022/02/20-9R, ,,
24,25,라온라이트맨,53,53,53,43,22,국3,한국,거,5,19(4/2/2),2022/02/26-8R,금,,
25,26,라온비트,61,59,58,46,1,국3,한국,거,4,12(4/1/4),2022/03/12-8R, ,,
26,27,라온샹젤리,51,48,41,31,1,국3,한국,암,4,10(2/4/1),2022/02/27-10R,특,,
27,28,라온스페셜,51,51,51,51,1,국3,한국,암,5,15(3/3/1),2022/02/13-9R,금,,
28,29,라온패션,65,65,64,60,1,국3,한국,거,5,13(3/3/2),2022/03/13-9R, ,,
29,30,럭셔리캡틴,51,52,53,53,2,국3,한국,수,5,13(3/2/2),2022/03/12-8R, ,,
30,31,럭키영,59,50,38,38,25,외3,미국,거,4,6(2/0/0),2022/03/19-7R, ,,
31,32,럭키훈,55,54,55,55,99,외3,미국,거,4,11(2/1/2),2022/01/22-9R, ,,
32,33,레벨탑,62,62,56,53,50,외3,호주,거,6,11(3/1/0),2021/07/18-7R, ,,
33,34,레이스로열,53,50,45,45,99,외3,미국,암,4,8(0/3/2),2022/01/22-7R, ,,
34,35,로열로드,51,50,47,48,22,국3,한국,수,4,14(3/2/4),2022/03/19-7R, ,,
35,36,로열엘비스,62,55,52,52,8,외3,미국,거,5,18(3/4/3),2022/03/20-10R, ,,
36,37,록라인,59,59,59,49,3,국3,한국,수,5,19(3/3/2),2022/03/19-8R, ,,
37,38,록의제왕,56,53,53,51,14,외3,미국,수,5,15(1/2/2),2022/03/13-9R, ,,
38,39,루비콘,55,48,48,48,6,국3,한국,암,4,14(3/5/1),2022/03/13-10R,특,,
39,40,루이사,65,63,63,63,21,국3,한국,암,5,18(3/5/4),2022/02/26-8R,차,,
40,41,룰브레이커,54,55,56,57,43,국3,한국,수,6,26(3/4/5),2022/02/20-9R,금,,
41,42,마이멤버,60,54,43,43,10,국3,한국,암,5,18(4/4/0),2022/02/19-8R,금,,
42,43,마이티붐,64,64,63,60,24,외3,미국,암,5,13(2/5/2),2022/03/13-9R, ,,
43,44,마이티웰,53,50,46,38,24,외3,미국,수,4,6(1/1/1),2022/03/13-8R, ,,
44,45,마이티윙,58,56,56,49,24,외3,미국,수,6,33(2/3/1),2022/03/20-10R, ,,
45,46,마이티지,61,54,53,52,24,외3,미국,수,4,8(2/3/2),2022/01/30-11R,금,,
46,47,마이티팝,63,63,58,50,24,외3,미국,수,4,10(2/3/1),2022/01/09-9R, ,,
47,48,만석지기,55,56,56,56,1,국3,한국,수,6,22(5/2/4),2022/03/19-8R, ,,
48,49,말리부진저,55,56,57,57,14,외3,미국,거,7,33(1/2/4),2022/03/19-9R, ,,
49,50,맥스런,53,53,52,46,99,외3,미국,암,4,10(2/1/2),2022/02/27-9R, ,,
50,51,머니지프,57,58,58,54,20,국3,한국,거,7,44(3/2/8),2022/01/23-9R,차,,
51,52,머니챔프,62,62,61,49,37,국3,한국,거,5,25(4/3/3),2022/03/13-9R,금,,
52,53,모닝힐,51,52,52,52,33,국3,한국,거,4,10(4/1/0),2022/03/12-8R, ,,
53,54,모스트스피드,56,56,49,49,33,국3,한국,암,4,15(4/2/1),2022/02/27-9R,금,,
54,55,몬스터케이,60,60,58,58,5,외3,미국,거,4,13(3/0/3),2022/01/15-9R,금,,
55,56,문학드림,51,52,53,53,1,외3,미국,수,5,16(2/2/2),2022/02/20-10R,금,,
56,57,문학문,58,59,60,61,6,외3,미국,수,4,13(2/1/3),2022/02/27-9R, ,,
57,58,문학선,57,54,51,51,27,외3,미국,수,4,10(2/1/1),2022/03/20-10R, ,,
58,59,문학앙코르,52,52,48,48,10,외3,미국,수,4,16(1/2/1),2022/03/20-10R, ,,
59,60,문학에카티,57,58,59,60,99,외3,미국,수,5,20(2/1/4),2022/03/19-8R, ,,
60,61,문학젠야타,60,61,61,61,99,외3,미국,암,4,13(2/2/1),2022/03/13-9R, ,,
61,62,문학파이어,53,53,46,46,99,외3,미국,수,6,18(2/0/3),2022/03/13-9R, ,,
62,63,미르스톰,60,61,61,61,53,국3,한국,거,6,30(4/3/3),2022/03/13-9R, ,,
63,64,바람을그리다,57,58,59,60,99,국3,한국,수,6,28(3/4/4),2022/03/19-8R, ,,
64,65,바이스로이,51,45,43,42,21,국3,한국,거,4,13(3/1/3),2022/02/27-7R, ,,
65,66,발베니,65,65,62,62,8,외3,미국,수,4,13(3/2/2),2022/03/06-11R, ,,
66,67,백색광채,65,65,65,63,20,국3,한국,거,6,32(4/3/4),2022/03/20-8R, ,,
67,68,베스트라인,57,58,58,57,13,국3,한국,수,6,22(3/3/5),2022/02/26-8R, ,,
68,69,베스트럭키,55,56,57,57,28,국3,한국,수,5,21(5/1/1),2022/03/19-8R, ,,
69,70,별나라질주,53,54,54,49,99,외3,미국,거,4,7(1/2/0),2022/01/30-11R, ,,
70,71,브랜던,60,61,61,57,25,국3,한국,수,8,16(2/7/1),2021/03/14-9R, ,,
71,72,블루마카롱,60,61,63,64,53,외3,미국,암,5,20(3/2/2),2022/02/20-10R,금,,
72,73,빅터문,62,59,52,52,52,외3,미국,암,4,6(3/2/0),2021/10/31-9R, ,,
73,74,빅트리플,54,54,54,53,31,외3,미국,거,5,20(2/0/4),2022/03/19-9R, ,,
74,75,사려니퀸,60,57,48,40,7,국3,한국,암,5,11(4/2/4),2022/03/06-11R,특,,
75,76,사이먼퀸,59,58,59,59,5,국3,한국,암,6,22(3/4/4),2021/11/21-9R, ,,
76,77,새내스퍼트,57,58,59,59,6,국3,한국,수,5,19(3/3/4),2021/12/25-8R, ,,
77,78,샤크짱,63,61,59,56,13,외3,미국,수,5,27(1/6/6),2022/03/13-9R, ,,
78,79,선더윈드,54,54,45,46,34,국3,한국,수,5,18(3/4/3),2022/03/20-8R, ,,
79,80,선더타임,59,59,59,50,5,외3,미국,거,4,11(2/2/0),2022/03/20-10R, ,,
80,81,세명기상,63,63,63,64,29,국3,한국,수,6,30(4/5/1),2022/02/27-9R,금,,
81,82,송암캔디,62,55,55,55,26,국3,한국,거,6,11(3/5/0),2022/03/19-8R, ,,
82,83,수리수리마,63,59,60,60,31,외3,미국,암,5,15(2/4/0),2022/02/12-8R,특,,
83,84,스카이돌풍,55,54,54,55,40,국3,한국,수,7,38(4/3/5),2022/02/20-9R,금,,
84,85,스테디챔피언,58,55,55,55,17,국3,한국,수,4,11(4/3/0),2022/02/20-9R,금,,
85,86,스트라이드업,51,51,51,51,12,국3,한국,거,6,33(3/3/4),2022/02/27-9R,특,,
86,87,스팟플래터,64,64,57,54,52,국3,한국,수,4,14(5/4/2),2022/03/20-8R, ,,
87,88,스프링킹,51,52,53,53,30,외3,미국,거,5,15(1/1/2),2022/02/27-9R, ,,
88,89,슬립웰,53,55,55,56,21,외3,미국,수,5,13(2/0/0),2022/02/19-8R,금,,
89,90,시리우스에이,51,52,53,54,18,외3,미국,거,4,11(2/1/1),2022/03/06-11R, ,,
90,91,아미고라로,52,53,54,54,54,외3,미국,거,5,18(2/1/1),2022/02/27-9R, ,,
91,92,아스펜태양,53,50,50,50,18,국3,한국,수,3,6(3/0/1),2022/03/06-8R, ,,
92,93,야호골든캣,53,53,53,53,50,국3,한국,수,5,18(3/4/2),2022/03/19-8R, ,,
93,94,어느멋진날,54,55,57,58,22,외3,미국,거,6,27(3/0/1),2022/03/20-10R, ,,
94,95,어디가나,63,63,50,50,32,국3,한국,암,4,11(4/0/1),2022/02/20-10R, ,,
95,96,에이스함성,52,52,52,52,42,국3,한국,수,5,17(4/3/2),2022/02/20-10R,금,,
96,97,에이투제트,55,47,48,50,99,국3,한국,수,5,18(3/3/2),2022/03/12-6R, ,,
97,98,에이피파텍,51,51,51,49,12,국3,한국,수,5,22(3/4/3),2022/03/12-8R, ,,
98,99,에코빅터,52,53,54,54,17,외3,미국,거,5,14(3/1/3),2022/03/20-10R, ,,
99,100,엠제이베스트,53,50,40,33,21,국3,한국,수,4,14(3/3/1),2022/03/20-9R, ,,
100,101,역전의우승,59,60,60,62,5,외3,미국,거,8,36(2/2/3),2022/03/06-11R, ,,
101,102,열린문,57,58,58,55,99,국3,한국,수,5,20(4/3/3),2022/02/26-8R, ,,
102,103,와일들리로맨틱,60,50,50,48,22,외3,미국,수,4,9(3/1/1),2022/03/05-6R, ,,
103,104,우아륭,57,57,57,56,26,국3,한국,암,5,12(4/2/1),2022/01/30-8R,금,,
104,105,운외창천,51,49,43,43,5,국3,한국,암,5,15(3/2/4),2022/02/27-10R, ,,
105,106,원더풀딕시,51,52,53,53,16,국3,한국,수,6,24(3/2/5),2022/02/13-9R, ,,
106,107,원더풀인디언,51,51,51,51,25,외3,미국,거,6,23(2/0/3),2022/03/19-9R, ,,
107,108,위즈모멘트,62,62,60,60,40,국3,한국,암,5,11(5/2/1),2022/02/26-8R,차,,
108,109,유니콘알파,52,52,45,45,8,외3,미국,수,4,13(2/0/1),2022/03/19-9R, ,,
109,110,이스트반,51,51,51,52,99,외3,미국,거,5,17(1/5/1),2022/01/08-9R, ,,
110,111,이스트임팩트,56,48,47,44,50,국3,한국,거,4,9(5/2/1),2022/02/26-7R, ,,
111,112,인천캡틴,52,45,44,40,10,외3,미국,수,6,9(1/2/1),2022/02/26-6R, ,,
112,113,장산골드,51,52,53,54,51,외3,미국,암,5,16(2/2/2),2022/03/20-10R, ,,
113,114,장산레이저,52,50,44,31,51,국3,한국,수,4,6(3/1/0),2022/02/27-7R, ,,
114,115,장산바다,64,65,65,61,30,국3,한국,수,5,14(4/4/1),2022/02/20-9R,금,,
115,116,정문볼트,51,52,52,49,6,국3,한국,수,5,17(2/5/1),2022/03/19-9R, ,,
116,117,정문서미트,57,57,57,53,6,국3,한국,수,5,20(3/3/3),2022/01/16-9R,금,,
117,118,정문에이스,59,51,52,52,6,외3,미국,수,5,20(2/4/3),2022/03/06-11R, ,,
118,119,제다이,60,59,59,50,40,국3,한국,암,4,15(4/4/3),2022/03/19-8R, ,,
119,120,제왕의별,64,64,65,65,35,국3,한국,수,7,34(4/5/1),2022/03/12-8R, ,,
120,121,제이에스군주,55,54,54,54,50,외3,미국,거,5,18(1/4/1),2022/02/19-8R,금,,
121,122,제주의흑선,53,51,51,51,12,국3,한국,암,7,39(1/8/6),2022/03/19-8R, ,,
122,123,좋은걸,60,53,44,37,48,국3,한국,암,4,7(6/0/0),2021/08/07-9R, ,,
123,124,참좋은친구,54,44,44,32,48,국3,한국,암,3,6(3/0/1),2022/03/05-9R, ,,
124,125,천지여걸,65,60,56,56,52,국3,한국,암,5,15(3/4/3),2022/01/30-8R,특,,
125,126,최강게임,60,58,58,50,25,국3,한국,수,4,9(4/0/1),2022/03/20-8R, ,,
126,127,최강블랙,61,60,55,40,34,국3,한국,암,4,10(3/1/4),2022/01/30-8R,특,,
127,128,최강팀,52,53,54,56,18,국3,한국,수,5,13(3/2/0),2022/02/13-9R, ,,
128,129,최강파티,51,52,53,53,27,국3,한국,거,6,21(3/2/4),2022/02/26-8R,차,,
129,130,최고레이스,54,43,41,42,9,외3,미국,수,4,10(2/0/1),2022/03/06-9R, ,,
130,131,춘산,64,64,59,59,25,외3,미국,암,5,14(3/2/1),2022/02/12-8R,특,,
131,132,컴플리트캡틴,55,56,57,58,50,국3,한국,수,5,12(4/0/3),2022/02/13-9R,금,,
132,133,케미블루,51,52,53,54,43,외3,미국,수,6,32(0/5/1),2022/03/06-11R, ,,
133,134,케이엔에이스,52,52,53,54,18,외3,미국,암,6,19(1/2/3),2022/03/19-9R, ,,
134,135,코브라볼,58,58,45,39,5,국3,한국,수,4,8(4/1/0),2022/03/13-9R, ,,
135,136,퀸즈투어,54,48,40,37,21,국3,한국,암,4,10(2/3/2),2022/02/13-10R,차,,
136,137,큐피드베이브,57,53,52,49,41,외3,뉴질랜드,거,5,14(1/2/3),2022/03/19-9R, ,,
137,138,탁트인,52,52,53,53,49,국3,한국,암,5,21(3/2/3),2022/02/26-8R, ,,
138,139,톱시드,51,43,42,39,27,국3,한국,거,5,14(4/2/3),2021/09/12-7R,차,,
139,140,트라이선더,58,59,60,61,1,국3,한국,거,6,29(5/1/3),2022/03/12-8R, ,,
140,141,트리플킹덤,62,62,62,62,50,외3,미국,수,5,15(2/2/2),2022/03/19-9R, ,,
141,142,티케파이어,63,52,49,45,25,국3,한국,수,5,18(4/2/1),2022/03/12-8R,차,,
142,143,파노라마뷰,57,58,59,59,52,외3,미국,수,5,9(2/1/1),2021/05/30-9R, ,,
143,144,파이널칸지노,51,51,51,51,34,외3,호주,거,7,17(1/3/0),2022/03/20-10R, ,,
144,145,파이팅히어로,55,56,56,57,12,국3,한국,거,6,25(4/1/3),2022/03/13-9R,특,,
145,146,파크윈,62,62,62,53,13,국3,한국,수,5,16(5/3/0),2022/03/19-8R, ,,
146,147,풀부스터,60,61,61,61,21,외3,미국,수,5,18(1/3/4),2022/03/19-9R, ,,
147,148,프로함성,55,56,58,59,99,외3,미국,거,6,22(1/4/3),2022/02/19-8R, ,,
148,149,하이하이,59,50,43,35,10,국3,한국,거,4,11(5/1/3),2022/03/06-10R, ,,
149,150,해들뫼,55,55,56,56,10,국3,한국,거,6,30(3/4/6),2022/03/19-8R, ,,
150,151,화이트퀸,63,64,65,65,99,국3,한국,암,5,13(5/2/0),2022/01/30-11R, ,,
151,152,황금럭키,52,52,52,53,21,외3,미국,수,5,18(1/4/0),2022/03/19-9R, ,,
152,153,황금해,53,53,52,53,21,국3,한국,수,5,15(2/3/4),2021/11/28-7R,차,,
0,1,강서프린세스,38,39,39,36,30,국4,한국,암,4,9(2/1/1),2022/01/08-6R, ,,
1,2,강태풍,38,38,,,25,외4,미국,거,4,1(0/0/0),2021/06/05-5R, ,,
2,3,거센돌풍,36,36,36,31,28,국4,한국,수,4,10(2/0/2),2022/02/26-7R, ,,
3,4,경부도령,36,36,34,33,23,국4,한국,수,5,23(1/3/4),2022/03/20-6R, ,,
4,5,골든배지,36,36,33,31,9,국4,한국,암,5,15(0/5/2),2022/02/27-10R,금,,
5,6,광마힐,36,37,37,37,41,국4,한국,암,8,41(3/1/4),2022/03/13-10R, ,,
6,7,광양으뜸,41,41,41,41,4,국4,한국,거,5,9(2/1/1),2022/02/26-7R, ,,
7,8,광해,38,38,,,18,외4,미국,수,3,1(0/0/0),2021/10/17-7R, ,,
8,9,교룡득수,47,47,38,38,49,국4,한국,수,5,20(3/2/0),2022/02/27-10R,금,,
9,10,구억마알,40,40,40,34,26,국4,한국,암,4,12(2/2/0),2022/02/26-7R,금,,
10,11,국제공항,38,,,,31,외4,미국,암,3,0(0/0/0),, ,,
11,12,그레이스퀸,38,37,37,38,6,국4,한국,암,5,17(3/1/3),2022/02/27-8R,금,,
12,13,그레이캣,41,40,37,29,24,국4,한국,수,4,13(1/3/3),2022/03/13-10R, ,,
13,14,그레이트선더,37,37,37,37,51,국4,한국,수,4,10(2/1/1),2022/02/27-7R,금,,
14,15,그린와트,36,36,36,36,6,외4,미국,암,5,18(0/0/1),2022/03/05-6R, ,,
15,16,그린질주,41,41,42,43,6,외4,미국,암,4,12(1/0/1),2022/03/20-7R, ,,
16,17,그린폭주,38,36,36,35,6,국4,한국,암,4,15(1/3/3),2022/01/30-6R,금,,
17,18,글라디아토레에이,35,35,35,35,40,외4,미국,수,6,18(0/0/1),2022/03/05-9R, ,,
18,19,글로리뷰,36,37,37,38,99,외4,미국,거,3,4(0/0/0),2022/03/19-7R, ,,
19,20,글로벌골드,43,42,36,36,28,국4,한국,거,5,17(3/0/4),2022/03/06-7R, ,,
20,21,글로벌럭키,36,36,36,36,28,외4,미국,암,5,21(0/1/1),2022/03/20-7R, ,,
21,22,글로벌선,38,39,40,40,28,국4,한국,암,5,19(3/1/1),2022/03/06-7R,차,,
22,23,글로벌영웅,36,36,36,37,28,국4,한국,수,4,14(2/1/2),2022/03/12-7R, ,,
23,24,글로벌천하,50,51,51,51,28,국4,한국,수,6,31(2/6/2),2022/03/19-8R, ,,
24,25,금아슈프림,48,49,49,49,54,국4,한국,거,6,25(1/6/2),2022/03/13-10R, ,,
25,26,금아키튼,39,40,40,39,14,국4,한국,수,5,11(2/1/3),2022/03/05-6R, ,,
26,27,나는스타,40,40,41,42,52,외4,미국,암,5,19(0/3/0),2022/03/13-8R, ,,
27,28,나올영웅,37,30,30,,53,국4,한국,수,3,3(2/0/0),2022/03/12-5R, ,,
28,29,남산러브,36,36,36,36,34,외4,미국,수,4,8(0/0/0),2022/03/12-6R, ,,
29,30,남촌데이,41,42,42,43,18,외4,미국,거,6,13(1/0/0),2022/01/09-10R, ,,
30,31,내생애최고,40,41,41,41,99,외4,미국,수,4,12(2/0/0),2022/02/27-7R, ,,
31,32,네모프린세스,36,36,35,32,22,국4,한국,암,3,4(1/1/1),2022/03/12-7R, ,,
32,33,논스톱리워드,38,38,39,39,41,외4,미국,거,4,10(0/1/0),2022/03/05-6R, ,,
33,34,농본바다,47,47,46,38,20,국4,한국,암,4,13(3/1/3),2022/03/20-6R, ,,
34,35,눈부신한센,47,48,48,47,5,국4,한국,암,5,13(3/1/4),2021/12/26-9R, ,,
35,36,뉴킹맨,38,38,38,38,4,외4,미국,수,3,4(0/0/0),2022/02/19-7R,금,,
36,37,다이아키,38,38,37,38,20,국4,한국,수,5,13(2/0/3),2021/06/06-5R,차,,
37,38,달리는빛깔,43,44,45,45,49,국4,한국,수,5,21(3/3/3),2022/03/12-7R, ,,
38,39,당찬세력,36,36,37,37,9,외4,미국,거,4,6(0/0/0),2022/03/12-6R, ,,
39,40,대산특급,45,36,37,37,7,국4,한국,수,4,9(4/0/0),2022/03/19-6R, ,,
40,41,대완구,39,38,37,35,52,국4,한국,거,4,11(2/0/6),2022/02/20-7R,금,,
41,42,대지의여걸,36,37,37,37,9,국4,한국,암,4,15(2/2/1),2022/02/27-8R,금,,
42,43,대천얼짱,40,41,42,42,16,국4,한국,수,4,13(2/3/1),2022/03/20-9R, ,,
43,44,더블블랙,36,36,36,36,8,국4,한국,암,4,9(2/0/0),2022/03/20-7R, ,,
44,45,더블에지,48,48,47,39,26,국4,한국,수,3,6(1/3/1),2022/03/06-8R, ,,
45,46,더퀸저스티스,38,39,39,39,42,국4,한국,암,4,14(2/3/1),2022/03/20-9R, ,,
46,47,더트서퍼,47,48,48,48,23,외4,미국,거,5,18(2/0/0),2022/02/26-6R, ,,
47,48,도깨비,36,37,37,37,99,외4,미국,거,4,7(0/0/1),2021/11/20-7R, ,,
48,49,돌격앞으로,48,42,42,43,16,외4,미국,암,6,27(1/2/4),2022/02/19-7R,금,,
49,50,동쪽글로리,36,36,36,36,10,국4,한국,거,5,23(3/2/0),2022/03/05-9R, ,,
50,51,두손멍군,44,44,43,39,10,외4,미국,수,4,15(0/2/3),2022/03/12-6R,금,,
51,52,두손판타스틱,38,29,30,30,10,국4,한국,수,3,7(2/1/0),2022/03/05-3R, ,,
52,53,드림맥스,41,41,41,34,21,국4,한국,암,4,12(2/3/0),2022/02/27-8R,차,,
53,54,디케이별찌,44,44,45,46,99,외4,미국,거,5,15(1/1/1),2022/02/19-8R, ,,
54,55,땡큐대천,37,30,30,30,10,국4,한국,수,5,9(2/0/0),2021/07/11-5R,금,,
55,56,라게르타,37,29,,,14,국4,한국,암,4,14(3/0/0),2022/03/20-4R, ,,
56,57,라스트보스,40,40,40,41,49,국4,한국,수,4,20(2/1/2),2022/03/20-6R, ,,
57,58,라온다이아,48,48,46,46,1,국4,한국,암,4,13(2/2/4),2022/03/19-6R, ,,
58,59,라온더아리아,39,32,,,1,국4,한국,암,3,4(2/1/0),2022/01/30-5R, ,,
59,60,라온더제트,36,31,,,1,국4,한국,수,3,3(2/0/0),2022/02/13-6R, ,,
60,61,라이오넷,36,36,36,37,33,외4,미국,암,4,9(0/0/1),2022/02/26-6R,금,,
61,62,라피도아레스,49,50,50,50,40,국4,한국,암,5,12(3/3/1),2022/02/13-8R, ,,
62,63,라피어반,40,40,40,38,12,국4,한국,암,4,7(2/2/0),2022/03/13-10R, ,,
63,64,러닝복스,50,51,52,53,16,국4,한국,암,6,25(3/5/1),2022/03/20-10R, ,,
64,65,러닝킹,36,36,37,38,49,국4,한국,수,4,13(1/4/0),2022/03/19-6R, ,,
65,66,러브레이스,47,47,48,48,16,국4,한국,암,6,21(3/1/3),2022/02/27-8R,금,,
66,67,럭키시엠프레,38,38,38,38,25,외4,미국,거,4,1(0/0/0),2021/07/10-9R, ,,
67,68,럭키월드,49,49,49,48,37,국4,한국,수,4,13(3/2/2),2022/02/27-9R,금,,
68,69,럭키재산,45,45,45,44,50,국4,한국,암,4,7(3/1/1),2022/01/30-6R, ,,
69,70,런던액티브,36,36,37,37,26,국4,한국,암,4,13(1/3/0),2022/03/19-6R, ,,
70,71,레드백,48,41,41,41,54,국4,한국,수,4,9(3/1/2),2022/02/12-6R,특,,
71,72,레이디퍼스트,38,31,31,31,42,국4,한국,암,3,4(2/0/0),2022/01/09-5R, ,,
72,73,로열함성,37,35,35,36,99,외4,뉴질랜드,거,5,15(0/0/1),2022/03/05-8R, ,,
73,74,록파이터,36,31,32,32,28,국4,한국,수,4,14(2/1/2),2022/03/06-4R, ,,
74,75,루미너스퀸,44,41,41,41,41,국4,한국,암,4,8(2/2/0),2022/03/20-7R, ,,
75,76,리드보컬,44,37,38,39,22,국4,한국,암,4,14(4/0/1),2022/03/20-7R, ,,
76,77,리틀보이플래시,50,51,51,51,4,외4,미국,거,6,34(1/3/3),2022/03/19-9R, ,,
77,78,마성질주,38,36,36,36,99,국4,한국,거,6,15(2/2/1),2022/01/15-8R, ,,
78,79,마성투혼,43,44,44,42,99,국4,한국,암,5,20(2/3/3),2022/02/27-8R, ,,
79,80,마이윈,48,47,35,35,40,국4,한국,수,4,7(3/1/1),2022/03/12-7R, ,,
80,81,마이티킥,38,36,36,37,24,외4,미국,거,4,6(0/1/0),2022/03/06-9R, ,,
81,82,마하걸,34,35,36,36,16,외4,일본,암,5,9(0/0/0),2021/08/15-6R, ,,
82,83,만세,36,36,36,36,21,국4,한국,거,5,22(2/1/3),2022/03/20-6R, ,,
83,84,매직그레이스,47,39,39,31,33,국4,한국,암,3,6(3/0/0),2022/02/27-8R, ,,
84,85,매직레코드,37,37,37,28,34,국4,한국,암,4,7(2/1/0),2021/10/23-7R, ,,
85,86,매직조이,37,34,33,30,33,국4,한국,거,4,8(1/2/1),2022/02/26-5R, ,,
86,87,매직주니어,42,42,42,35,33,국4,한국,거,4,8(2/1/1),2022/02/26-7R, ,,
87,88,매직타이드,37,35,35,28,33,국4,한국,암,4,11(1/1/4),2022/03/20-4R, ,,
88,89,머니시장,50,50,42,42,20,국4,한국,암,5,16(2/3/3),2022/02/13-8R,차,,
89,90,명진고스트,37,38,38,,99,외4,미국,거,4,2(0/0/0),2021/07/03-7R, ,,
90,91,명진데이,43,43,39,38,25,국4,한국,수,4,8(2/2/2),2022/03/20-9R, ,,
91,92,문학다이얼,38,38,,,99,외4,미국,수,3,1(0/0/0),2022/01/15-8R, ,,
92,93,문학럭키,41,42,43,43,1,외4,미국,거,4,13(1/1/1),2022/03/06-9R, ,,
93,94,문학스톰,36,37,38,38,10,외4,미국,수,3,3(0/0/0),2022/02/19-7R, ,,
94,95,문학스트롱,39,36,36,37,1,외4,미국,수,3,5(0/0/1),2022/03/05-6R, ,,
95,96,문학엠파이어,49,47,48,49,10,외4,미국,거,5,18(2/0/2),2022/02/26-6R,금,,
96,97,문학태핏,37,37,38,38,27,외4,미국,수,3,3(0/0/0),2022/02/19-7R,금,,
97,98,문학파로아,36,36,36,36,99,외4,미국,수,4,13(0/0/0),2022/03/19-7R, ,,
98,99,밀키셰리,41,35,36,36,49,국4,한국,암,5,32(3/0/5),2022/03/05-8R, ,,
99,100,바잉블레이드,39,36,36,36,31,국4,한국,수,4,13(1/4/1),2022/03/19-6R, ,,
100,101,배다리캔디,36,37,38,39,6,국4,한국,암,4,16(2/1/1),2022/03/05-9R, ,,
101,102,백두걸,40,31,31,,50,국4,한국,암,3,3(2/0/0),2022/03/13-6R, ,,
102,103,백스핀,37,38,39,39,42,국4,한국,암,6,22(2/0/1),2022/02/20-8R,금,,
103,104,벌말대장,37,37,35,33,34,국4,한국,수,4,13(0/5/3),2022/03/06-10R, ,,
104,105,베링맨,50,50,50,48,54,외4,미국,거,4,15(0/3/2),2022/03/19-7R, ,,
105,106,베스트천상,37,37,36,34,54,국4,한국,암,4,13(1/1/6),2022/03/20-7R, ,,
106,107,베스트타임,42,42,42,42,21,국4,한국,암,4,15(1/6/1),2022/03/05-6R,차,,
107,108,베스트탑,46,42,42,34,13,국4,한국,수,5,18(2/3/3),2022/03/06-10R, ,,
108,109,벤칼프린세스,36,36,36,35,99,국4,한국,암,3,6(1/2/1),2022/01/30-10R, ,,
109,110,별빛보석,38,28,27,28,41,국4,한국,수,4,10(1/3/1),2022/03/06-5R, ,,
110,111,별의순간,48,46,35,35,40,국4,한국,수,3,7(2/1/2),2022/03/06-8R, ,,
111,112,보디가드,36,36,36,36,11,국4,한국,수,4,13(2/1/1),2022/03/20-9R, ,,
112,113,봄날의기억,47,47,47,40,99,국4,한국,수,5,23(2/4/3),2022/03/06-10R, ,,
113,114,불방울,37,37,37,30,54,국4,한국,수,3,4(2/0/0),2022/03/20-6R, ,,
114,115,브라보삭스,33,32,32,33,42,외4,미국,거,5,19(0/0/2),2022/03/20-5R, ,,
115,116,블랙실버,37,38,38,35,33,국4,한국,암,5,18(1/4/2),2022/03/20-7R, ,,
116,117,블랙펀치,36,36,36,36,1,외4,미국,거,5,18(0/0/2),2022/03/05-6R, ,,
117,118,블루케이,44,45,46,47,5,국4,한국,암,5,11(3/1/1),2022/01/22-7R, ,,
118,119,빅레드,36,36,36,35,99,국4,한국,수,4,13(1/2/1),2022/03/06-7R, ,,
119,120,빅스고,45,45,35,30,5,국4,한국,수,3,5(2/1/0),2022/03/19-7R, ,,
120,121,빅야크,37,36,36,36,31,외4,미국,거,4,6(0/0/1),2022/03/12-6R, ,,
121,122,빅토리카,41,37,35,32,26,국4,한국,암,4,15(1/3/3),2022/02/12-6R,금,,
122,123,사람이라는별,41,41,41,42,22,국4,한국,수,5,13(2/1/0),2022/03/13-10R, ,,
123,124,사려니위너,41,42,43,43,7,외4,미국,암,5,11(0/1/1),2022/02/27-7R, ,,
124,125,사려니퍼스트,37,37,31,30,14,국4,한국,수,3,6(2/1/2),2022/02/26-6R, ,,
125,126,사만다치타,36,36,37,38,52,국4,한국,암,4,12(2/0/2),2022/03/19-6R, ,,
126,127,서브에이스,40,41,42,42,42,국4,한국,암,4,13(2/1/3),2022/03/20-6R, ,,
127,128,선더챔프,44,33,33,33,99,국4,한국,수,4,11(2/3/0),2022/03/05-7R, ,,
128,129,선붐,47,48,49,49,12,외4,미국,수,5,8(1/0/1),2021/08/08-11R, ,,
129,130,선포레,36,36,36,36,99,외4,미국,거,5,22(0/0/2),2022/03/19-7R, ,,
130,131,성실머니,37,36,29,27,4,국4,한국,암,5,11(1/3/2),2022/03/19-6R, ,,
131,132,세렌디피티야,34,35,35,36,22,외4,미국,암,5,17(0/0/0),2022/03/13-7R, ,,
132,133,송암티즈,41,41,41,39,99,국4,한국,거,5,12(2/0/1),2022/03/06-10R, ,,
133,134,쇼메이커,37,30,29,28,99,국4,한국,암,4,10(2/0/3),2022/03/13-5R, ,,
134,135,슈퍼엑톤,38,38,38,36,31,국4,한국,거,5,22(2/1/1),2022/03/12-7R, ,,
135,136,스마트오피서,39,39,36,36,99,국4,한국,암,4,6(2/1/1),2021/11/14-6R, ,,
136,137,스카이망치,43,35,35,35,14,국4,한국,거,4,6(2/2/1),2022/03/19-5R, ,,
137,138,스킬맥스,36,36,36,37,50,외4,미국,수,3,6(0/0/0),2022/02/27-7R,금,,
138,139,스타블레이드,39,40,41,41,30,국4,한국,거,4,13(3/2/1),2022/02/19-6R,금,,
139,140,스타워즈,39,39,31,30,24,국4,한국,거,4,10(2/2/2),2022/02/27-10R,금,,
140,141,스텔라로드,39,34,27,27,99,국4,한국,암,4,9(1/3/1),2022/02/12-4R, ,,
141,142,스토미,38,38,39,40,99,국4,한국,수,7,41(1/4/3),2022/03/05-9R, ,,
142,143,스트롱러너,37,38,39,40,12,국4,한국,수,7,39(2/4/4),2022/03/12-7R, ,,
143,144,스트롱벌처,38,38,36,36,12,국4,한국,거,6,30(4/1/4),2022/03/06-10R, ,,
144,145,스파이스타워,37,38,38,,35,외4,미국,수,4,2(0/0/0),2021/04/03-7R, ,,
145,146,스프링꿈,41,42,42,42,22,외4,미국,수,4,15(1/0/0),2022/03/06-9R, ,,
146,147,스피드벨,46,43,43,36,21,국4,한국,거,6,25(3/2/1),2022/03/05-9R,차,,
147,148,스피드이즈칸,48,49,50,50,43,국4,한국,수,7,40(2/6/3),2022/03/13-8R, ,,
148,149,스피드팔콘,47,35,33,30,99,국4,한국,암,3,6(2/2/1),2022/02/26-4R, ,,
149,150,스피디루키,47,48,48,44,40,외4,미국,거,4,11(0/3/3),2022/01/08-7R, ,,
150,151,시선집중,39,39,39,38,11,국4,한국,거,5,24(2/1/2),2022/03/13-10R, ,,
151,152,시크릿보스,48,47,45,45,24,국4,한국,수,4,14(3/2/4),2022/03/20-9R, ,,
152,153,신의아들,45,43,42,40,21,국4,한국,수,4,12(3/3/2),2022/02/26-7R,금,,
153,154,신의열매,47,43,41,36,99,외4,미국,거,5,19(0/2/2),2022/03/12-6R, ,,
154,155,심플스타일,39,37,37,36,40,국4,한국,수,5,16(2/2/1),2022/03/19-7R, ,,
155,156,쏘아라바바,39,31,32,32,48,국4,한국,암,4,16(2/2/3),2022/02/19-5R, ,,
156,157,아르폰스,36,36,36,36,43,외4,미국,수,6,19(1/0/2),2022/03/06-9R,차,,
157,158,아메리칸포스원,35,36,36,36,49,외4,미국,거,5,33(0/0/4),2022/03/06-9R,금,,
158,159,아침누리,38,,,,24,외4,미국,암,3,0(0/0/0),, ,,
159,160,아침함성,46,46,38,36,15,국4,한국,암,4,14(3/0/1),2022/02/27-10R,특,,
160,161,안양옥센,49,45,45,45,7,외4,미국,거,5,15(1/2/2),2022/02/13-7R,금,,
161,162,안양호랑이,39,39,36,37,6,국4,한국,암,5,17(2/2/1),2022/01/30-6R, ,,
162,163,알렉산더원,38,38,38,,5,외4,미국,거,4,1(0/0/0),2021/11/20-7R, ,,
163,164,야무진독도,45,37,38,38,22,외4,미국,거,3,5(1/0/0),2022/03/13-8R, ,,
164,165,야무진재수,38,,,,22,외4,미국,수,3,0(0/0/0),, ,,
165,166,어나더초이스,36,36,36,36,8,외4,미국,암,5,9(0/0/0),2022/03/20-7R, ,,
166,167,어나더클래스,36,36,37,38,18,외4,미국,수,4,4(0/0/0),2021/11/27-9R, ,,
167,168,어마무시,41,40,41,41,22,외4,미국,거,5,15(1/1/1),2022/02/20-8R,금,,
168,169,어서와,36,37,37,34,31,국4,한국,수,4,15(1/3/2),2022/03/06-10R, ,,
169,170,언패럴렐드,36,36,36,36,16,국4,한국,거,5,10(2/0/0),2022/02/19-6R,금,,
170,171,엉클벨,43,44,45,45,14,외4,미국,거,5,17(1/0/2),2022/03/05-6R, ,,
171,172,에스테이크,36,36,37,38,99,국4,한국,암,4,13(2/2/1),2022/03/06-10R, ,,
172,173,에이스솔롱고,49,49,50,50,30,국4,한국,암,6,27(3/3/3),2022/02/27-8R,금,,
173,174,에이스찬,38,39,39,36,10,외4,미국,수,5,19(0/3/1),2022/03/12-6R, ,,
174,175,에이스파워풀,35,35,35,35,4,외4,미국,거,5,12(0/0/0),2022/02/26-6R,금,,
175,176,에이스프린스,37,37,37,31,16,국4,한국,수,4,11(2/1/2),2022/02/13-8R, ,,
176,177,엘리트라인,47,47,45,45,13,외4,미국,수,5,17(1/0/2),2022/02/26-6R,금,,
177,178,엘리트파워,36,36,37,37,23,국4,한국,암,4,14(2/1/1),2022/03/13-10R, ,,
178,179,엠제이포인트,40,40,38,38,52,외4,미국,암,4,13(0/1/3),2022/02/27-7R, ,,
179,180,영광의미소,43,43,42,42,99,국4,한국,암,4,12(3/1/4),2022/03/06-7R, ,,
180,181,옐로우캣,39,39,31,,99,국4,한국,암,4,4(2/0/0),2022/01/08-6R, ,,
181,182,오섬스프링스,36,36,37,37,99,외4,미국,거,4,4(0/0/0),2022/01/09-10R, ,,
182,183,옥룡,38,38,39,40,9,외4,미국,거,5,17(0/2/1),2022/03/19-7R, ,,
183,184,온포인트,47,47,46,41,9,국4,한국,수,4,12(3/3/3),2022/01/30-7R, ,,
184,185,올드블레이드,42,42,31,32,51,국4,한국,암,5,13(2/2/1),2022/03/20-7R, ,,
185,186,올드스페셜,36,34,30,30,50,국4,한국,수,4,11(1/3/0),2022/02/27-6R,금,,
186,187,와우와우,41,37,31,,40,국4,한국,수,3,5(2/2/1),2022/03/20-6R, ,,
187,188,와일드킹덤,36,36,36,36,29,국4,한국,수,5,16(1/1/4),2022/03/20-6R, ,,
188,189,울트라킹,44,43,44,44,22,국4,한국,거,4,15(2/2/3),2022/02/26-7R,금,,
189,190,원더케이,37,37,36,37,5,국4,한국,수,6,16(2/3/1),2022/02/26-7R, ,,
190,191,원더풀데블,42,42,42,41,24,국4,한국,암,4,11(2/0/2),2022/03/05-9R, ,,
191,192,원더풀루비,49,50,50,48,29,국4,한국,암,6,24(2/5/2),2022/03/06-10R, ,,
192,193,원더풀케이,38,33,30,30,20,국4,한국,수,4,12(2/2/1),2022/03/12-4R, ,,
193,194,원더풀타이쿤,42,41,41,40,24,국4,한국,수,4,9(2/0/5),2022/03/20-6R, ,,
194,195,원앤온리,36,37,38,39,49,국4,한국,암,5,24(2/3/2),2022/02/27-7R,금,,
195,196,원지,36,36,36,30,22,국4,한국,거,5,15(2/1/1),2022/01/29-6R, ,,
196,197,원평가속,40,37,37,37,10,국4,한국,수,3,7(1/2/0),2022/03/06-7R,차,,
197,198,월드포스,39,39,39,31,22,국4,한국,암,3,5(2/0/1),2022/02/27-8R, ,,
198,199,월영이,40,40,38,33,6,국4,한국,암,5,16(1/5/1),2022/03/20-7R, ,,
199,200,위너블루,48,42,39,39,5,국4,한국,거,5,21(3/3/3),2022/03/06-7R, ,,
200,201,위너이즈웰,41,35,32,32,99,국4,한국,수,6,5(3/0/1),2021/12/26-4R, ,,
201,202,위너템플러,43,40,38,38,18,국4,한국,암,6,14(2/4/2),2022/01/30-7R, ,,
202,203,유니콘브라보,47,47,48,48,8,외4,미국,수,4,10(1/1/0),2022/02/26-6R,금,,
203,204,유정챔프,47,47,37,37,99,국4,한국,수,4,14(3/0/2),2022/03/12-6R, ,,
204,205,유쾌한날들,37,30,31,32,50,국4,한국,수,3,6(2/0/1),2022/02/19-4R,금,,
205,206,은어축제,37,38,38,37,99,외4,미국,수,5,17(0/1/3),2022/02/20-8R, ,,
206,207,이무기,37,38,38,38,42,국4,한국,수,4,11(2/0/1),2022/03/19-6R, ,,
207,208,이천쌀,50,47,49,49,37,국4,한국,거,7,29(3/5/1),2022/02/13-8R, ,,
208,209,이터널메모리,49,49,41,34,50,국4,한국,거,5,18(3/1/4),2022/02/27-10R, ,,
209,210,인듀어런스,36,36,36,36,49,국4,한국,수,6,33(1/5/0),2022/03/06-7R,금,,
210,211,일격필살,42,36,33,27,9,국4,한국,수,4,11(1/4/1),2022/03/12-7R, ,,
211,212,일마레,36,36,37,37,12,국4,한국,수,6,28(1/2/4),2022/03/12-7R, ,,
212,213,자이언트킬링,39,39,32,,40,국4,한국,수,3,4(2/0/1),2022/03/06-9R, ,,
213,214,장산가드,38,38,38,35,31,국4,한국,수,4,11(0/5/1),2022/02/26-7R,금,,
214,215,장산몬스터,37,38,38,38,30,외4,미국,거,5,11(0/0/4),2022/03/19-7R, ,,
215,216,장산스타트,36,36,36,37,30,외4,미국,거,5,12(0/1/1),2022/02/20-8R, ,,
216,217,장산탱크,46,47,48,48,51,외4,미국,거,5,18(1/0/4),2022/02/20-8R,금,,
217,218,장산포이즌,39,32,,,51,국4,한국,수,3,4(2/0/0),2022/03/05-4R,차,,
218,219,전정사금,50,48,48,44,42,국4,한국,암,5,17(2/3/3),2022/03/13-10R, ,,
219,220,정문지존,36,36,37,38,6,국4,한국,거,4,12(2/0/1),2022/03/19-6R, ,,
220,221,정상으뜸,37,38,39,40,15,국4,한국,거,7,46(1/6/5),2022/03/20-9R, ,,
221,222,정상킹덤,38,38,39,39,15,외4,미국,수,5,21(0/2/1),2022/03/13-8R,금,,
222,223,제다이포스,39,38,38,38,40,외4,미국,암,4,3(0/0/1),2022/03/20-7R, ,,
223,224,제이에스군황,37,37,37,36,99,외4,미국,수,4,9(0/0/1),2022/03/12-6R, ,,
224,225,제이에스파워,38,39,40,40,2,국4,한국,거,5,17(3/0/0),2022/03/06-10R,차,,
225,226,제주의요정,36,36,36,36,16,국4,한국,암,6,23(2/1/3),2022/01/23-7R, ,,
226,227,조이브라더,47,47,40,38,34,국4,한국,거,5,15(3/3/2),2022/02/27-10R,금,,
227,228,조이풀케이,44,44,44,37,31,국4,한국,암,5,14(3/3/2),2022/02/20-8R, ,,
228,229,질주대로,44,44,44,35,99,국4,한국,거,4,14(2/2/0),2022/01/29-6R, ,,
229,230,질주본,37,33,32,,3,국4,한국,거,4,7(1/1/2),2022/03/19-5R, ,,
230,231,질주의꿈,36,36,37,38,18,국4,한국,암,5,12(2/1/0),2022/02/19-6R,금,,
231,232,찬란한날,38,34,34,34,21,국4,한국,수,4,12(1/3/0),2022/03/06-6R, ,,
232,233,창성히트,35,36,36,36,13,외4,뉴질랜드,거,5,8(0/0/0),2022/03/06-9R, ,,
233,234,챌린지삭스,36,36,36,36,99,국4,한국,암,5,15(2/1/2),2022/03/12-6R, ,,
234,235,천군,42,42,42,40,42,외4,미국,거,5,15(1/1/1),2022/02/20-8R,금,,
235,236,천년의바람,41,41,35,35,21,국4,한국,거,6,30(2/2/2),2022/03/13-8R, ,,
236,237,천년의비,37,38,40,42,21,국4,한국,암,6,29(2/1/3),2022/03/05-9R, ,,
237,238,천둥세자,39,39,30,31,99,국4,한국,수,4,13(2/0/1),2022/03/06-7R, ,,
238,239,천마투데이,36,36,36,37,20,국4,한국,암,4,14(4/0/1),2022/03/20-7R, ,,
239,240,천비성,42,38,38,38,31,국4,한국,수,4,14(1/3/4),2022/03/13-8R, ,,
240,241,천사박,35,35,35,35,20,외4,미국,암,5,19(0/1/0),2022/03/13-7R, ,,
241,242,천지광풍,50,50,50,48,4,외4,미국,수,3,6(1/1/0),2022/03/05-6R, ,,
242,243,천지울림,44,44,44,44,48,국4,한국,거,5,14(2/3/0),2022/03/20-9R, ,,
243,244,천지폭풍,39,39,37,38,99,국4,한국,거,6,24(3/1/2),2022/03/13-10R, ,,
244,245,청담탱크,40,40,38,36,30,국4,한국,암,5,15(1/5/1),2022/02/13-10R,차,,
245,246,청춘비바,38,39,40,41,30,외4,미국,거,4,12(1/0/1),2021/12/25-7R,차,,
246,247,초인강자,47,47,48,48,22,국4,한국,수,5,20(2/3/1),2022/03/05-9R, ,,
247,248,초토마,40,40,36,36,25,국4,한국,거,5,13(2/1/2),2022/03/20-6R, ,,
248,249,최강블레이드,41,41,38,,31,외4,미국,거,4,2(0/1/0),2021/07/24-7R,차,,
249,250,최강퀸,46,44,44,42,18,국4,한국,암,4,9(2/3/2),2022/03/06-10R, ,,
250,251,최고캠프,36,36,37,38,34,국4,한국,암,5,13(3/0/2),2022/02/27-8R, ,,
251,252,카일룸제왕,36,36,36,36,8,외4,미국,거,5,19(0/0/3),2022/03/12-6R, ,,
252,253,케이엔라이트,46,38,31,28,18,국4,한국,거,4,11(3/1/1),2022/03/20-6R, ,,
253,254,케이엔매직,48,44,44,43,18,국4,한국,암,4,10(2/3/2),2022/02/27-8R,금,,
254,255,케이엔원더풀,47,46,38,33,18,국4,한국,거,5,14(2/4/1),2022/03/05-9R, ,,
255,256,콘도르여왕,36,37,37,37,17,국4,한국,암,5,10(2/1/0),2022/01/29-6R, ,,
256,257,콜조이,42,43,44,44,19,국4,한국,거,4,13(2/2/2),2022/02/27-7R, ,,
257,258,콰이어트아델,49,49,48,49,40,국4,한국,암,5,18(2/3/3),2022/01/15-7R,금,,
258,259,퀴클리런,37,30,,,9,국4,한국,암,3,2(2/0/0),2022/02/20-5R, ,,
259,260,퀴클리선,46,47,48,48,52,외4,미국,수,4,8(1/2/1),2022/02/27-7R, ,,
260,261,퀵실버키튼,48,47,48,48,35,외4,미국,거,4,9(1/0/4),2022/02/27-7R,금,,
261,262,크레이지탱크,37,37,30,30,41,국4,한국,수,4,9(2/0/0),2022/02/26-7R,금,,
262,263,킹덤스톰,36,36,36,36,2,외4,미국,거,4,6(0/0/0),2022/02/26-6R,금,,
263,264,킹에이스,43,40,40,37,99,국4,한국,수,5,9(1/4/1),2022/01/08-6R, ,,
264,265,킹칸모르,48,48,48,39,99,국4,한국,수,5,20(3/3/1),2022/02/27-10R, ,,
265,266,타이탄삭스,39,31,30,,14,국4,한국,수,3,5(2/0/2),2022/03/20-5R, ,,
266,267,탭다운,37,38,38,,33,외4,미국,수,3,2(0/0/0),2021/11/13-8R,차,,
267,268,터프맨,46,47,48,48,10,국4,한국,거,4,10(3/3/0),2022/01/30-10R, ,,
268,269,테스고대보,42,31,,,25,국4,한국,수,3,5(2/1/0),2022/03/06-4R, ,,
269,270,텐배거,36,29,30,30,9,국4,한국,수,3,8(2/0/0),2022/03/19-4R, ,,
270,271,티즈블랙,46,46,43,42,5,국4,한국,거,5,11(3/2/1),2022/03/20-9R, ,,
271,272,티즈에너지,38,36,36,37,33,외4,미국,거,4,6(0/1/0),2022/01/08-7R, ,,
272,273,티케이데이,43,44,45,46,53,국4,한국,암,5,23(1/4/3),2022/02/26-6R,금,,
273,274,파노라마칸,36,36,37,38,52,외4,미국,거,4,7(0/0/2),2022/03/12-6R, ,,
274,275,파노라마퀸,34,35,36,36,52,외4,미국,암,4,10(0/0/0),2022/03/06-4R, ,,
275,276,파워박스,42,33,33,31,40,국4,한국,수,3,6(2/1/0),2022/02/27-5R, ,,
276,277,파워타워,40,41,42,42,16,국4,한국,암,5,13(1/3/1),2022/02/27-7R,금,,
277,278,파이어로드,41,41,37,38,40,국4,한국,수,4,10(3/1/1),2021/12/18-8R, ,,
278,279,파이팅대디,48,48,41,36,16,국4,한국,거,4,11(3/3/0),2022/02/26-7R, ,,
279,280,패션드패션,41,34,35,35,51,국4,한국,암,4,11(3/1/1),2022/03/05-5R, ,,
280,281,패스트트랙,38,30,30,30,31,국4,한국,수,3,7(2/0/0),2022/03/06-6R,차,,
281,282,팬시팬츠,36,36,36,36,24,국4,한국,암,4,13(1/2/1),2022/02/27-8R, ,,
282,283,퍼스트드림,29,29,30,31,17,외4,미국,수,5,20(0/0/0),2022/03/06-6R, ,,
283,284,퍼플케이,42,33,33,32,99,국4,한국,암,3,7(2/1/1),2022/03/13-7R, ,,
284,285,페더럴캣,40,41,42,43,49,국4,한국,수,6,30(3/2/4),2022/03/06-10R,금,,
285,286,포에버드림,41,36,36,30,42,국4,한국,거,3,6(2/1/0),2022/03/05-6R, ,,
286,287,포에버원,38,38,37,36,1,국4,한국,암,5,11(2/2/3),2021/11/07-7R, ,,
287,288,폭스파워,39,37,37,30,26,국4,한국,거,4,11(2/3/0),2022/03/12-7R, ,,
288,289,프린스,36,36,37,38,99,외4,미국,수,3,4(0/0/0),2022/03/05-6R, ,,
289,290,프린스박,38,38,,,18,외4,미국,수,4,1(0/0/0),2020/12/19-12R, ,,
290,291,플라잉팰리스,35,36,36,36,14,외4,미국,거,4,7(0/0/0),2022/03/06-9R, ,,
291,292,피노시스터,36,37,37,36,99,외4,미국,암,5,12(0/1/1),2022/03/06-9R, ,,
292,293,피렌체힐,46,47,48,49,41,국4,한국,수,6,24(2/3/3),2022/03/20-6R, ,,
293,294,피버디니,40,39,40,41,25,외4,미국,거,5,15(0/2/2),2022/03/06-9R,금,,
294,295,피엔에스럭키,43,32,32,,99,국4,한국,암,3,6(2/1/0),2022/03/06-8R, ,,
295,296,피케이돌풍,38,38,30,31,37,국4,한국,거,5,20(2/2/1),2022/02/19-6R, ,,
296,297,호크프린스,38,,,,40,외4,미국,거,3,0(0/0/0),, ,,
297,298,호크행진곡,48,49,50,50,16,국4,한국,거,6,23(3/1/1),2022/03/05-6R,금,,
298,299,화씨벽,39,39,33,33,5,국4,한국,암,5,13(2/1/1),2022/02/27-8R,금,,
299,300,화이트참,39,39,35,34,25,국4,한국,수,4,6(2/1/2),2021/04/10-7R,차,,
300,301,화이트코멧,44,44,44,43,10,국4,한국,수,6,24(2/3/4),2022/02/26-7R,금,,
301,302,황금주머니,50,51,51,51,17,국4,한국,거,7,30(2/3/6),2022/03/12-8R, ,,
302,303,흥드림,41,42,43,44,10,국4,한국,거,4,14(3/2/0),2022/03/12-7R, ,,
303,304,히든돌풍,48,49,50,50,42,외4,미국,수,4,7(1/3/0),2021/11/13-8R, ,,
0,1,걸작드림,29,,,,4,국5,한국,암,3,5(0/2/1),2022/02/19-1R, ,,
1,2,걸작우먼,29,29,,,4,국5,한국,암,4,11(0/3/0),2022/02/19-4R,금,,
2,3,고고스타,21,22,23,24,32,국5,한국,암,4,16(0/0/4),2022/03/05-7R, ,,
3,4,골드스파이크,32,32,32,32,40,국5,한국,암,4,12(1/0/1),2022/02/26-4R, ,,
4,5,골드윙,29,29,,,3,국5,한국,수,3,5(1/0/0),2022/03/05-4R,차,,
5,6,골드케이,33,34,34,31,99,국5,한국,거,4,12(1/1/3),2022/02/12-4R, ,,
6,7,골든선더,28,,,,10,국5,한국,거,3,3(0/2/0),2022/03/13-1R, ,,
7,8,굿니센,35,32,31,,4,국5,한국,수,3,4(1/1/1),2022/03/19-4R, ,,
8,9,그랜드스타,29,,,,99,국5,한국,수,4,11(0/2/1),2022/03/12-3R, ,,
9,10,그랜드캐슬,24,25,26,27,11,국5,한국,수,4,9(1/1/2),2022/03/06-5R, ,,
10,11,그랜드파워,27,27,,,52,국5,한국,수,3,6(0/2/0),2022/03/19-4R, ,,
11,12,그레이트아이,28,29,29,29,49,국5,한국,수,4,10(1/1/0),2022/03/13-5R, ,,
12,13,그레이트한센,25,26,27,28,11,국5,한국,암,4,11(1/1/0),2022/03/19-4R, ,,
13,14,그린백,30,30,30,,54,국5,한국,암,3,5(1/0/0),2022/03/12-5R, ,,
14,15,그린짱,30,31,31,31,99,국5,한국,암,4,11(1/1/0),2022/03/19-5R, ,,
15,16,그린필스타,29,29,29,29,99,국5,한국,암,4,9(1/1/0),2022/01/09-5R, ,,
16,17,글로벌매직,30,30,29,29,28,국5,한국,수,3,6(0/2/2),2022/02/27-6R,금,,
17,18,금성맨,30,30,,,32,국5,한국,수,3,7(1/1/0),2022/02/26-5R,금,,
18,19,금성세계,31,32,32,31,50,국5,한국,수,4,7(1/1/1),2022/02/19-5R, ,,
19,20,금세다,24,24,25,26,27,국5,한국,거,4,17(0/2/0),2022/03/12-4R,차,,
20,21,금아스위프트,25,25,26,27,42,국5,한국,거,4,12(0/1/2),2022/02/12-4R,차,,
21,22,금아플로러스,26,27,28,29,14,국5,한국,수,5,16(0/2/2),2022/03/05-7R, ,,
22,23,기타리스트,28,29,29,,54,국5,한국,거,4,10(0/2/0),2022/03/12-4R, ,,
23,24,김천영웅,31,31,31,31,99,국5,한국,거,4,8(1/0/1),2021/12/12-6R, ,,
24,25,나의나라,31,,,,9,국5,한국,거,4,5(1/0/2),2022/02/27-4R,금,,
25,26,나인아이,31,32,32,31,49,국5,한국,수,4,16(0/5/2),2022/03/12-5R,금,,
26,27,남산열매,29,,,,34,국5,한국,암,4,2(1/0/0),2022/02/20-4R,금,,
27,28,남산초콜릿,30,30,30,30,30,국5,한국,암,4,11(1/1/0),2022/02/13-5R,차,,
28,29,넘버원타깃,26,,,,13,국5,한국,암,5,13(0/1/2),2022/02/20-2R, ,,
29,30,논스톱기상,26,27,28,29,41,국5,한국,거,4,13(1/1/0),2022/03/05-7R, ,,
30,31,논스톱위닝,29,29,27,28,23,국5,한국,거,6,17(1/2/3),2022/02/26-5R, ,,
31,32,논스톱캣,34,31,29,30,12,국5,한국,암,4,9(1/2/1),2022/03/06-5R, ,,
32,33,누비강자,29,29,29,,33,국5,한국,수,3,5(1/0/0),2021/12/26-4R,금,,
33,34,누비고,31,31,31,,33,국5,한국,수,4,11(1/1/0),2021/12/05-5R,금,,
34,35,뉴스타영천,31,31,,,18,국5,한국,수,4,5(1/0/1),2022/02/13-6R,금,,
35,36,뉴호프,28,,,,16,국5,한국,암,4,8(0/0/3),2022/03/06-5R, ,,
36,37,다울퀸,23,24,25,26,99,국5,한국,암,4,11(1/1/1),2022/02/12-5R, ,,
37,38,다이아마이트,30,30,,,22,국5,한국,암,4,6(1/0/0),2022/03/06-4R,특,,
38,39,다이아파워캣,30,30,,,99,국5,한국,암,3,4(1/0/0),2022/03/12-4R, ,,
39,40,대마지풍,21,21,22,23,1,국5,한국,거,6,13(1/0/0),2022/03/13-5R, ,,
40,41,대물,32,32,,,22,국5,한국,수,3,3(1/1/0),2022/03/20-5R, ,,
41,42,대박스타,29,,,,53,국5,한국,수,3,5(0/2/1),2022/03/19-1R, ,,
42,43,대세만세,26,27,28,28,15,국5,한국,암,4,10(1/0/1),2022/02/19-4R, ,,
43,44,대승퀸,26,26,27,28,23,국5,한국,암,5,17(0/2/3),2022/03/06-5R, ,,
44,45,대용왕,22,23,24,25,99,국5,한국,거,6,21(1/1/1),2021/11/14-4R, ,,
45,46,대한챔프,21,21,21,21,43,국5,한국,수,6,24(1/1/1),2022/03/05-4R,금,,
46,47,댄스머신,29,29,,,54,국5,한국,거,4,9(1/0/0),2022/02/27-6R,금,,
47,48,댄싱위드유,31,32,33,33,99,국5,한국,암,4,11(1/1/2),2022/03/12-5R, ,,
48,49,댓츠마이보이,30,31,31,31,42,국5,한국,거,4,11(1/1/1),2022/03/20-5R, ,,
49,50,더리퍼,25,26,27,28,30,국5,한국,수,3,6(0/2/0),2022/03/12-5R, ,,
50,51,더블테이크,27,28,28,,26,국5,한국,암,4,12(0/1/2),2022/03/06-6R, ,,
51,52,더파이팅,31,30,31,31,27,국5,한국,수,4,10(1/1/1),2021/12/04-8R,금,,
52,53,데스크탑,29,30,31,31,29,국5,한국,수,4,13(1/1/1),2022/03/19-5R, ,,
53,54,돈마,30,30,,,9,국5,한국,수,3,2(1/0/0),2022/02/27-5R, ,,
54,55,동작,35,36,36,36,50,국5,한국,거,6,31(2/0/1),2022/03/05-9R, ,,
55,56,동행,30,30,,,5,국5,한국,암,4,4(1/2/0),2022/02/27-6R, ,,
56,57,드림걸스,25,26,27,28,5,국5,한국,암,5,19(1/1/3),2022/03/06-5R, ,,
57,58,드림스피드,30,,,,34,국5,한국,암,3,7(1/1/1),2022/03/06-3R, ,,
58,59,드림여왕,29,29,,,26,국5,한국,암,4,3(1/0/0),2022/02/20-5R, ,,
59,60,드림펠라,31,31,31,,25,국5,한국,거,4,7(2/1/0),2021/12/12-6R,금,,
60,61,디에코,33,33,32,33,48,국5,한국,암,5,20(1/2/4),2022/02/19-4R, ,,
61,62,따뜻한빛,26,,,,99,국5,한국,암,4,12(0/0/3),2022/03/06-3R, ,,
62,63,라스트펀치,29,29,29,,19,국5,한국,암,3,3(1/0/0),2022/02/26-4R,금,,
63,64,라온더골드,29,30,30,30,1,국5,한국,암,3,4(1/0/0),2022/03/05-7R, ,,
64,65,라온더대쉬,30,30,,,1,국5,한국,암,3,5(1/0/1),2022/02/13-5R, ,,
65,66,라온더위켄드,30,30,,,1,국5,한국,암,3,5(1/0/0),2022/02/27-6R, ,,
66,67,라온더타이거,35,32,31,32,1,국5,한국,거,4,13(1/3/1),2022/02/20-6R,금,,
67,68,라온더특급,33,31,31,31,1,국5,한국,거,3,6(1/0/1),2022/03/12-5R, ,,
68,69,라온더펄,31,,,,1,국5,한국,암,3,3(1/1/0),2022/03/05-1R, ,,
69,70,라이징호크,29,,,,34,국5,한국,암,3,3(1/0/1),2022/02/26-2R,차,,
70,71,러닝넘버원,34,31,31,,20,국5,한국,수,4,15(1/2/1),2022/03/20-5R, ,,
71,72,러피언파크,34,32,31,31,53,국5,한국,거,5,22(1/1/6),2022/03/06-6R, ,,
72,73,럭셔리킹,27,27,28,29,53,국5,한국,수,4,20(1/0/2),2022/03/19-4R, ,,
73,74,럭키선더,30,30,,,6,국5,한국,거,4,3(1/0/0),2022/03/19-4R, ,,
74,75,럭키어필,28,29,30,30,53,국5,한국,수,4,15(1/0/1),2022/02/19-5R, ,,
75,76,럭키크라운,30,30,30,30,29,국5,한국,암,3,7(1/0/1),2022/03/06-8R, ,,
76,77,럭키클럽,29,30,31,31,24,국5,한국,거,4,8(1/0/1),2022/03/06-4R, ,,
77,78,런던스카이,29,,,,26,국5,한국,수,3,4(1/0/0),2022/02/27-2R,금,,
78,79,런던퀸,29,30,30,31,26,국5,한국,암,4,12(1/1/1),2022/03/19-4R, ,,
79,80,런런런,34,34,32,32,12,국5,한국,수,4,11(0/3/2),2022/02/13-6R,금,,
80,81,런투골,23,23,24,25,9,국5,한국,암,4,13(0/2/0),2022/03/20-4R, ,,
81,82,레인,23,24,25,26,14,국5,한국,암,6,25(1/1/4),2022/03/06-6R, ,,
82,83,레전드삭스,31,31,31,,31,국5,한국,암,3,3(1/0/0),2022/02/20-5R,금,,
83,84,로드에이스,31,,,,53,국5,한국,수,3,7(1/1/1),2022/02/20-2R,금,,
84,85,루비스타,30,30,,,99,국5,한국,암,4,1(1/0/0),2021/08/22-2R, ,,
85,86,룰즈클래스,33,33,33,33,99,국5,한국,수,4,13(1/1/4),2022/03/13-6R, ,,
86,87,르루아블랑,28,28,29,30,54,국5,한국,암,5,12(2/0/0),2022/02/13-5R, ,,
87,88,리마커블,27,28,28,28,49,국5,한국,암,3,8(0/2/0),2022/03/13-6R, ,,
88,89,리멤버웬,27,28,28,27,34,국5,한국,암,5,11(0/2/2),2021/11/07-5R,차,,
89,90,리버태양,31,,,,18,국5,한국,거,3,3(1/0/0),2022/03/19-1R, ,,
90,91,리얼콩코드,26,27,27,,41,국5,한국,암,4,14(0/2/1),2022/03/19-5R, ,,
91,92,리얼팩,27,27,27,28,27,국5,한국,거,5,11(0/2/0),2022/03/06-6R,차,,
92,93,마루캐슬,22,23,24,25,99,국5,한국,암,5,10(0/2/0),2021/11/13-7R, ,,
93,94,마성천하,26,27,27,,99,국5,한국,수,4,8(0/0/3),2022/03/19-5R, ,,
94,95,마에스트로,31,31,,,15,국5,한국,수,4,7(1/0/0),2021/12/19-6R,금,,
95,96,마이티선샤인,31,31,31,31,35,국5,한국,수,3,8(1/1/1),2022/02/27-6R,금,,
96,97,마칼루파워,31,24,25,25,99,국5,한국,수,5,21(1/1/5),2021/12/05-5R, ,,
97,98,마파람,28,29,30,30,21,국5,한국,암,3,6(1/0/0),2022/03/13-7R, ,,
98,99,마패봉,23,24,25,26,49,국5,한국,수,7,43(1/4/5),2022/03/13-6R, ,,
99,100,매직러시,30,30,30,,33,국5,한국,수,3,5(1/0/0),2022/03/06-8R, ,,
100,101,머니가락,30,30,30,,20,국5,한국,거,4,11(1/1/1),2022/02/26-5R,금,,
101,102,머스탱파워,31,,,,31,국5,한국,수,3,4(1/1/0),2022/03/19-3R, ,,
102,103,멋진가이,26,27,28,29,3,국5,한국,거,4,15(1/1/0),2022/03/06-6R, ,,
103,104,멋진기록,31,31,31,,4,국5,한국,수,3,6(1/0/1),2022/02/26-5R,금,,
104,105,메니골드,33,34,34,32,99,국5,한국,암,3,4(1/1/0),2021/12/18-6R, ,,
105,106,메니스피어,31,,,,99,국5,한국,암,3,3(1/1/0),2022/03/13-2R, ,,
106,107,메니원더풀,31,31,31,,52,국5,한국,수,3,4(1/0/0),2022/02/27-6R, ,,
107,108,메이블레이드,30,,,,48,국5,한국,암,3,5(1/0/0),2022/02/26-3R,금,,
108,109,메인오브킹,28,28,,,42,국5,한국,거,4,11(0/1/2),2022/01/08-4R,금,,
109,110,모닝뉴스,27,28,29,30,51,국5,한국,암,4,13(1/1/0),2022/02/26-4R,금,,
110,111,모닝펄,27,,,,33,국5,한국,암,3,6(0/1/2),2022/03/12-1R, ,,
111,112,모던베스트,29,30,31,31,13,국5,한국,암,4,11(1/1/1),2022/02/20-5R,금,,
112,113,미르캡틴,24,25,26,27,21,국5,한국,수,4,14(2/1/0),2022/03/13-5R, ,,
113,114,미사일캔디,31,32,32,33,3,국5,한국,수,7,31(2/1/1),2022/03/05-8R,금,,
114,115,미스캠프,26,26,27,27,35,국5,한국,암,4,11(0/2/0),2021/12/25-5R, ,,
115,116,바디스타,25,26,27,28,21,국5,한국,수,5,21(1/0/3),2022/03/13-6R, ,,
116,117,바람과함께,28,27,27,27,99,국5,한국,수,4,10(0/2/1),2022/03/13-5R, ,,
117,118,바이킹하트,33,33,27,28,14,국5,한국,거,4,11(1/2/0),2022/03/12-4R, ,,
118,119,발바투,32,33,34,34,19,국5,한국,수,5,14(1/2/2),2022/02/12-5R,차,,
119,120,방주,29,30,31,31,4,국5,한국,거,5,8(1/1/1),2021/05/02-8R, ,,
120,121,베스트마루,26,27,28,29,99,국5,한국,거,4,13(1/0/0),2022/03/19-4R, ,,
121,122,베스트스톰,25,26,27,28,99,국5,한국,수,5,15(0/2/1),2022/03/05-8R, ,,
122,123,베스트야,33,28,28,,13,국5,한국,암,3,5(1/0/3),2022/02/27-6R,금,,
123,124,베스트토치,35,32,30,,6,국5,한국,암,3,3(1/2/0),2022/03/13-7R, ,,
124,125,벼락,30,30,,,26,국5,한국,수,3,6(1/1/0),2022/02/26-5R, ,,
125,126,별빛마루,30,31,32,32,50,국5,한국,암,3,8(1/0/1),2022/03/19-5R, ,,
126,127,보리보리,24,25,26,27,21,국5,한국,암,4,14(0/2/1),2022/03/06-5R, ,,
127,128,부스터로켓,29,30,30,30,16,국5,한국,암,5,8(1/1/0),2022/02/20-6R,금,,
128,129,불의가속,28,26,27,27,2,국5,한국,거,4,8(0/3/0),2022/03/05-7R, ,,
129,130,불의꽃,29,28,,,35,국5,한국,암,3,5(0/2/2),2022/02/26-4R, ,,
130,131,불의여왕,35,35,33,34,99,국5,한국,암,4,9(2/1/2),2022/02/13-5R, ,,
131,132,불화산,29,29,,,42,국5,한국,거,4,10(1/0/0),2022/02/19-5R, ,,
132,133,브라보메이,31,31,32,32,12,국5,한국,거,4,12(1/2/1),2022/03/13-5R, ,,
133,134,브레인스피더,21,21,21,22,12,국5,한국,암,6,20(1/0/1),2022/03/12-4R, ,,
134,135,블랙루키,30,30,31,32,9,국5,한국,암,4,13(1/2/2),2022/03/05-3R,차,,
135,136,블랙마스크,34,32,29,,34,국5,한국,암,3,4(0/3/1),2022/03/06-4R, ,,
136,137,블랙참,30,31,32,32,99,국5,한국,수,4,11(1/1/2),2021/12/12-6R, ,,
137,138,블레싱로드,32,32,32,28,12,국5,한국,암,7,43(2/3/3),2022/03/05-5R, ,,
138,139,블루참,26,26,27,28,24,국5,한국,거,5,9(0/1/2),2021/10/23-6R, ,,
139,140,블루해머,25,26,26,27,31,국5,한국,수,4,8(0/1/2),2022/03/20-5R, ,,
140,141,비엔토,29,30,30,30,37,국5,한국,암,4,10(1/0/1),2022/03/20-5R, ,,
141,142,비크레이지,32,,,,8,국5,한국,거,4,5(1/0/1),2022/03/13-3R, ,,
142,143,빅비트,29,30,30,30,49,국5,한국,암,3,5(1/0/0),2022/03/12-4R, ,,
143,144,빅포켓,27,28,29,29,99,국5,한국,거,4,10(1/0/0),2022/01/15-5R, ,,
144,145,삼상,24,25,25,26,99,국5,한국,암,4,13(1/0/1),2022/03/05-7R, ,,
145,146,삼정타퍼즈,26,27,28,28,30,국5,한국,거,5,10(1/1/1),2022/02/19-4R,금,,
146,147,상승행진,29,29,,,99,국5,한국,수,4,18(1/1/0),2022/03/13-5R, ,,
147,148,새내윈,29,30,30,30,6,국5,한국,수,4,13(1/1/1),2022/02/12-4R, ,,
148,149,새내파워풀,33,30,30,,6,국5,한국,수,3,5(1/1/1),2022/03/12-5R, ,,
149,150,새내황제,27,27,,,6,국5,한국,거,4,7(0/2/0),2021/12/19-3R, ,,
150,151,새로운보배,24,24,25,26,37,국5,한국,암,6,23(0/3/2),2022/03/06-4R, ,,
151,152,섀도우퀸,35,35,31,32,41,국5,한국,암,5,16(1/2/2),2022/02/20-5R,금,,
152,153,서니블레이드,30,30,,,51,국5,한국,암,3,5(1/0/0),2022/02/20-5R, ,,
153,154,서울크라운,25,26,27,28,42,국5,한국,거,5,15(1/0/1),2022/03/05-7R, ,,
154,155,선더플래시,29,,,,21,국5,한국,수,3,6(0/2/0),2022/03/12-1R, ,,
155,156,선더호스,30,,,,22,국5,한국,수,4,16(1/0/2),2022/03/12-3R, ,,
156,157,선파이팅,32,32,32,28,99,국5,한국,암,5,19(1/2/1),2022/02/19-5R, ,,
157,158,세명강자,24,24,25,26,43,국5,한국,암,5,15(0/0/3),2022/03/20-4R, ,,
158,159,세명나래,29,29,29,,29,국5,한국,암,4,11(1/1/0),2022/02/26-5R,금,,
159,160,세인트루카,29,29,,,32,국5,한국,수,3,5(1/0/1),2022/03/19-4R, ,,
160,161,소베라니아,32,32,32,,37,국5,한국,암,4,5(1/1/0),2022/03/05-7R, ,,
161,162,소우주,24,25,26,26,22,국5,한국,수,4,18(0/0/3),2022/03/05-4R,금,,
162,163,송암레이서,30,,,,51,국5,한국,거,4,8(1/0/1),2022/03/13-4R, ,,
163,164,송암캣,27,28,29,29,26,국5,한국,암,5,15(1/0/2),2022/02/19-4R, ,,
164,165,송암플레이어,27,27,28,28,99,국5,한국,암,5,13(0/1/2),2022/03/13-5R, ,,
165,166,쇠와꽃,30,30,31,32,19,국5,한국,암,4,11(1/2/1),2022/03/05-5R,차,,
166,167,스마트대보,30,31,31,31,35,국5,한국,암,4,7(1/1/1),2021/10/03-4R,차,,
167,168,스마트전사,30,30,30,27,40,국5,한국,거,4,8(0/3/0),2022/02/20-6R,금,,
168,169,스마트파워,26,27,27,,40,국5,한국,수,4,10(1/0/1),2022/03/06-5R, ,,
169,170,스마트핑크,28,28,29,30,53,국5,한국,암,4,7(1/1/0),2022/03/05-7R, ,,
170,171,스마트하이,32,32,30,30,51,국5,한국,암,4,8(1/1/1),2022/02/26-4R,금,,
171,172,스타러시,28,28,28,25,53,국5,한국,수,5,21(0/1/4),2022/03/13-6R, ,,
172,173,스톰워리어,27,27,28,29,18,국5,한국,거,4,12(1/0/0),2022/03/20-5R, ,,
173,174,스페셜스토리,30,30,30,23,15,국5,한국,암,5,16(1/1/3),2022/02/20-5R,금,,
174,175,스피어건,30,27,27,27,23,국5,한국,수,4,13(0/3/1),2022/03/05-8R, ,,
175,176,승승파워,28,29,29,,54,국5,한국,수,4,12(0/1/2),2022/02/27-5R, ,,
176,177,시리우스알파,30,,,,99,국5,한국,암,3,2(1/0/0),2022/03/13-1R, ,,
177,178,시선주마,28,,,,99,국5,한국,암,4,5(0/2/0),2021/11/21-2R, ,,
178,179,신의한수,31,31,31,,51,국5,한국,수,4,7(1/0/1),2022/01/09-6R, ,,
179,180,실버스타,30,30,30,,51,국5,한국,암,3,6(1/0/0),2022/03/05-5R, ,,
180,181,아담스애플,31,31,,,50,국5,한국,암,4,5(1/2/0),2022/01/29-7R, ,,
181,182,아델나래,31,32,33,33,40,국5,한국,거,4,14(1/2/1),2022/03/12-4R,금,,
182,183,아델머스탱,28,27,24,25,40,국5,한국,수,4,13(1/1/2),2022/02/20-6R,금,,
183,184,아로마,35,34,34,34,42,국5,한국,수,5,14(1/3/3),2022/02/27-6R,금,,
184,185,아마존킹,27,27,,,30,국5,한국,거,3,5(0/2/0),2022/02/27-6R, ,,
185,186,아스펜로스,32,,,,25,국5,한국,거,4,3(1/1/1),2022/02/27-3R,차,,
186,187,아이스스타,33,30,30,31,99,국5,한국,거,4,12(2/1/0),2022/03/05-4R, ,,
187,188,알찬누리,33,33,33,31,10,국5,한국,거,5,18(1/3/4),2022/02/27-5R,금,,
188,189,알파독,29,30,31,32,18,국5,한국,거,5,12(1/1/1),2022/03/12-4R,금,,
189,190,어메이징위즈,33,34,34,34,40,국5,한국,암,5,17(2/1/2),2022/03/20-5R, ,,
190,191,에이스샤인,35,36,36,36,30,국5,한국,거,6,22(1/2/2),2022/03/05-8R, ,,
191,192,에이스캔트,35,36,37,38,4,국5,한국,거,7,36(2/2/4),2022/03/20-9R, ,,
192,193,엑톤질주,29,27,28,29,2,국5,한국,수,4,9(1/2/0),2022/03/05-3R,차,,
193,194,엘리트룰즈,31,,,,13,국5,한국,암,4,10(1/1/1),2022/03/12-2R, ,,
194,195,엠제이퀸,27,27,28,29,99,국5,한국,암,4,9(1/0/1),2022/03/05-4R, ,,
195,196,영광의캡틴,31,31,32,32,99,국5,한국,수,4,6(1/0/2),2022/03/12-5R, ,,
196,197,영웅대마,26,27,28,29,10,국5,한국,거,4,14(1/0/0),2022/03/05-4R,차,,
197,198,예술이야,30,,,,8,국5,한국,거,3,6(1/1/1),2022/03/06-1R, ,,
198,199,예스아이캔,30,31,31,31,26,국5,한국,거,4,8(1/1/0),2022/02/27-5R,금,,
199,200,온리위너,24,25,26,27,40,국5,한국,암,5,13(0/2/1),2022/02/26-4R, ,,
200,201,올드스타트,29,30,30,30,27,국5,한국,거,3,5(1/0/0),2022/03/05-7R, ,,
201,202,와일드삭스,30,,,,42,국5,한국,수,3,5(1/1/0),2022/03/05-2R, ,,
202,203,용호지마,30,31,31,28,50,국5,한국,수,3,5(0/3/0),2022/02/19-4R,차,,
203,204,우주의봄,30,,,,20,국5,한국,암,3,2(1/0/1),2022/02/12-1R, ,,
204,205,워리어선더,28,28,,,16,국5,한국,거,5,12(0/2/1),2022/03/12-5R, ,,
205,206,원더풀금성,24,25,25,26,41,국5,한국,암,4,11(0/2/0),2022/03/05-5R,금,,
206,207,원더풀라이트,26,26,27,27,28,국5,한국,암,5,18(1/0/4),2022/03/06-5R, ,,
207,208,원더풀샘,30,30,30,,15,국5,한국,암,4,7(1/0/0),2022/02/26-4R,금,,
208,209,원더풀섀도우,30,,,,31,국5,한국,암,3,3(1/0/0),2022/03/05-5R, ,,
209,210,원더풀스톰,35,36,36,36,99,국5,한국,수,5,14(2/1/0),2022/03/05-3R, ,,
210,211,원더풀오렌지,29,29,28,29,20,국5,한국,암,5,24(1/1/2),2022/02/20-6R,금,,
211,212,원더풀우먼,28,,,,11,국5,한국,암,4,6(0/2/1),2022/02/26-3R,금,,
212,213,원더풀조이,28,29,30,31,99,국5,한국,거,4,13(2/0/0),2022/03/05-8R, ,,
213,214,원더풀캣,25,26,26,,35,국5,한국,암,5,22(0/1/2),2022/03/13-5R, ,,
214,215,원더풀화성,28,,,,19,국5,한국,수,4,4(0/2/0),2021/08/07-2R, ,,
215,216,원모어러시,30,,,,10,국5,한국,암,3,6(1/0/1),2022/03/19-2R, ,,
216,217,원퍼트,27,,,,49,국5,한국,거,5,19(0/2/0),2022/01/23-3R,금,,
217,218,원평코드,34,30,,,10,국5,한국,수,3,2(1/1/0),2022/03/13-6R, ,,
218,219,월드레이서,31,31,31,,40,국5,한국,수,3,3(1/0/0),2022/03/12-5R, ,,
219,220,유롱스타,28,28,29,30,10,국5,한국,암,5,14(1/2/1),2022/03/05-5R, ,,
220,221,유쾌한선택,31,31,29,,50,국5,한국,수,3,5(0/2/2),2021/12/18-5R,차,,
221,222,은성마루,32,31,31,,54,국5,한국,암,3,3(1/0/1),2022/03/06-5R, ,,
222,223,은혜,31,31,,,8,국5,한국,수,3,5(1/1/1),2022/03/19-5R, ,,
223,224,은혜충만,34,31,31,31,27,국5,한국,암,5,8(1/1/0),2022/03/13-5R, ,,
224,225,은혜파도,29,30,31,32,53,국5,한국,암,5,19(1/2/1),2022/03/06-4R, ,,
225,226,이스트질주,30,31,32,33,99,국5,한국,수,4,11(1/1/1),2022/03/05-4R, ,,
226,227,이스트챔프,35,36,36,37,10,국5,한국,수,5,16(2/0/2),2022/03/06-10R, ,,
227,228,이천아치,30,30,,,48,국5,한국,암,3,3(1/1/0),2021/12/25-5R,차,,
228,229,일향달마,25,26,27,28,11,국5,한국,암,4,11(0/2/2),2022/03/05-5R, ,,
229,230,장수나봄,24,23,24,25,99,국5,한국,수,5,17(1/1/2),2022/03/05-7R, ,,
230,231,정문최강,27,28,29,29,6,국5,한국,거,4,14(1/0/0),2022/03/05-4R, ,,
231,232,정문폭주,31,31,31,,6,국5,한국,수,4,11(2/0/0),2022/02/26-5R,금,,
232,233,정문프린스,32,30,30,30,99,국5,한국,수,5,16(1/1/2),2022/03/12-4R, ,,
233,234,정상제트,29,30,30,30,15,국5,한국,암,3,6(1/0/0),2022/02/26-4R, ,,
234,235,정상파이팅,30,30,30,,10,국5,한국,암,3,4(1/0/0),2022/03/19-5R, ,,
235,236,제이트로스,34,34,31,,40,국5,한국,암,3,5(1/2/0),2022/03/05-4R, ,,
236,237,좋은관계,29,29,29,28,41,국5,한국,거,4,14(0/2/4),2022/02/26-5R, ,,
237,238,중추부사,32,30,31,31,9,국5,한국,암,4,8(2/1/0),2022/02/26-4R,금,,
238,239,지금여기에,28,29,29,29,32,국5,한국,수,4,17(1/1/0),2022/03/05-8R, ,,
239,240,지산군,33,33,32,32,42,국5,한국,수,4,9(1/1/1),2022/02/12-4R,금,,
240,241,질주전사,27,27,,,37,국5,한국,수,3,8(0/1/2),2022/03/12-5R, ,,
241,242,챔피언가문,33,32,,,18,국5,한국,거,4,12(1/1/1),2022/03/05-3R, ,,
242,243,천리총,31,31,29,29,29,국5,한국,암,3,8(0/3/0),2022/03/06-8R,금,,
243,244,천마비상,29,27,27,27,33,국5,한국,암,4,6(0/3/0),2022/02/20-5R,금,,
244,245,천문,27,,,,29,국5,한국,수,4,11(0/2/0),2022/02/19-3R,금,,
245,246,천은총,30,30,,,32,국5,한국,암,3,4(1/0/0),2022/03/20-4R, ,,
246,247,천향국색,24,25,26,27,7,국5,한국,암,5,12(1/0/0),2022/03/13-7R, ,,
247,248,청담위키드,33,34,35,35,31,국5,한국,암,4,10(1/1/2),2022/03/19-4R, ,,
248,249,청산가세,27,28,28,29,49,국5,한국,거,5,20(1/1/1),2022/03/05-7R, ,,
249,250,청산강호,31,32,32,32,42,국5,한국,수,4,14(1/1/2),2022/03/12-4R, ,,
250,251,초동로켓,31,32,32,32,25,국5,한국,수,5,8(1/1/2),2021/07/04-4R,차,,
251,252,초인스파크,29,29,28,28,22,국5,한국,수,4,11(0/2/1),2022/01/30-5R,특,,
252,253,최강장산,26,27,27,,30,국5,한국,거,4,8(0/0/3),2022/03/19-4R, ,,
253,254,카우보이킹,31,31,31,31,8,국5,한국,거,3,4(1/0/1),2022/02/27-5R, ,,
254,255,카우보이탱고,28,29,29,29,28,국5,한국,거,4,12(1/1/2),2022/03/13-5R, ,,
255,256,캐치참,30,31,32,32,9,국5,한국,암,4,6(2/0/0),2022/01/30-5R, ,,
256,257,캡틴브라보,28,27,25,25,19,국5,한국,거,5,20(1/0/3),2022/03/12-4R, ,,
257,258,컴플리트럭키,28,,,,50,국5,한국,암,3,5(0/2/1),2022/02/13-2R, ,,
258,259,컴플리트룰러,30,31,31,31,50,국5,한국,수,3,4(1/0/0),2022/02/20-6R,금,,
259,260,컴플리트스타,34,34,34,30,50,국5,한국,암,4,10(1/3/2),2022/01/23-6R,금,,
260,261,컴플리트아너,30,,,,50,국5,한국,수,4,3(1/0/0),2022/02/13-3R, ,,
261,262,컴플리트타임,32,32,32,,99,국5,한국,암,3,5(1/1/1),2022/03/13-7R, ,,
262,263,케이엔메니퀸,26,27,28,29,18,국5,한국,암,4,10(1/1/0),2022/03/20-4R, ,,
263,264,케이엔언더킹,35,33,33,30,18,국5,한국,거,4,5(1/1/1),2022/03/05-4R, ,,
264,265,케이엔올드퀸,31,,,,18,국5,한국,암,3,2(1/1/0),2022/01/23-2R, ,,
265,266,케이프렌지,31,30,30,27,4,국5,한국,거,4,10(0/3/3),2022/01/09-6R, ,,
266,267,콩코드스퍼트,30,,,,19,국5,한국,수,3,4(1/1/1),2022/03/20-2R, ,,
267,268,콩코드퀸,30,,,,22,국5,한국,암,3,4(1/0/1),2022/03/20-1R, ,,
268,269,쿠레레쿠스,30,30,30,,42,국5,한국,거,5,13(1/1/1),2022/03/13-5R,차,,
269,270,쿨프린세스,34,31,30,30,35,국5,한국,암,4,15(1/2/2),2022/03/20-4R, ,,
270,271,퀸오브베스트,28,28,29,30,11,국5,한국,암,4,13(2/0/1),2022/03/05-5R,차,,
271,272,큐피드보우,29,29,,,23,국5,한국,수,3,4(1/0/1),2022/02/27-5R, ,,
272,273,큐피드비상,32,32,33,34,12,국5,한국,암,5,18(1/2/1),2022/03/13-7R, ,,
273,274,큐피드원더,31,31,29,,13,국5,한국,암,4,12(1/2/0),2022/02/20-5R, ,,
274,275,큐피드웨이,31,,,,12,국5,한국,암,3,2(1/1/0),2022/02/27-1R, ,,
275,276,큐피드점보,32,31,,,13,국5,한국,암,3,3(1/0/1),2022/03/05-5R, ,,
276,277,클레어포인트,32,,,,99,국5,한국,암,3,2(1/1/0),2022/01/22-1R, ,,
277,278,킹심바,28,29,30,30,9,국5,한국,거,4,8(1/0/1),2022/03/05-4R,금,,
278,279,킹크러시,30,,,,51,국5,한국,수,4,8(1/0/1),2022/03/20-3R, ,,
279,280,탑퀄리티,26,26,27,28,1,국5,한국,거,4,10(0/2/2),2022/02/27-5R, ,,
280,281,태양타고,35,27,26,26,49,국5,한국,암,4,14(1/0/4),2022/02/26-5R,금,,
281,282,탱크삭스,30,31,32,33,31,국5,한국,암,5,19(2/2/2),2022/03/06-5R, ,,
282,283,터프가이,31,,,,10,국5,한국,수,3,2(1/0/1),2021/10/17-1R,차,,
283,284,트루,21,22,23,23,11,국5,한국,암,5,20(0/2/2),2022/03/05-4R,금,,
284,285,특별,30,30,,,99,국5,한국,암,3,2(1/0/0),2022/02/20-5R, ,,
285,286,티나,26,,,,42,국5,한국,암,4,10(0/1/2),2022/02/20-4R,금,,
286,287,티즈바로우즈,34,31,,,33,국5,한국,수,3,3(1/2/0),2022/02/19-5R,차,,
287,288,팀임팩트,32,,,,48,국5,한국,수,3,1(1/0/0),2022/02/26-1R,차,,
288,289,파워돌풍,30,31,31,31,99,국5,한국,수,4,8(1/0/2),2021/10/09-4R, ,,
289,290,파워케이,34,32,31,,40,국5,한국,수,3,3(1/0/2),2022/03/19-4R, ,,
290,291,파이널참,29,,,,40,국5,한국,수,3,3(1/0/0),2022/03/06-2R, ,,
291,292,파인팜,30,30,30,30,50,국5,한국,암,3,4(1/0/0),2022/03/19-5R, ,,
292,293,파티파워,29,30,31,32,15,국5,한국,암,9,72(2/4/7),2022/03/20-4R, ,,
293,294,퍼텐셜에너지,32,29,30,31,53,국5,한국,암,5,15(2/1/0),2022/03/05-5R, ,,
294,295,퍼펙트파워,33,31,32,33,28,국5,한국,거,5,21(1/3/1),2022/03/19-5R, ,,
295,296,페더럴아이,30,31,31,28,49,국5,한국,수,4,12(0/3/2),2022/02/27-5R,금,,
296,297,페더럴킹,34,35,36,36,49,국5,한국,수,5,28(2/2/4),2022/03/06-6R,금,,
297,298,포에버칸,29,30,30,30,27,국5,한국,수,3,4(1/0/0),2022/02/27-6R,차,,
298,299,포트스원,28,28,27,27,99,국5,한국,암,4,16(1/1/3),2022/03/12-5R, ,,
299,300,폴카,25,26,27,28,11,국5,한국,암,5,20(1/0/2),2022/03/20-5R, ,,
300,301,푸른요정,28,29,29,29,22,국5,한국,암,3,9(1/0/1),2022/03/20-4R, ,,
301,302,프린세스삭스,35,35,34,34,14,국5,한국,암,4,11(2/1/2),2022/02/27-6R,금,,
302,303,플라잉아테나,29,,,,14,국5,한국,암,3,4(0/2/0),2022/03/05-2R, ,,
303,304,플라잉카라,30,,,,99,국5,한국,거,4,3(1/0/2),2021/10/30-3R, ,,
304,305,플라잉풀문,30,30,30,30,35,국5,한국,암,4,12(1/0/1),2022/03/20-4R, ,,
305,306,플렉스퀸,27,27,27,,21,국5,한국,암,4,9(0/2/0),2022/03/06-4R, ,,
306,307,피어나다,25,26,27,28,2,국5,한국,암,5,10(1/0/0),2022/03/06-6R, ,,
307,308,피엔에스골드,28,,,,99,국5,한국,암,3,4(0/2/0),2022/03/06-1R, ,,
308,309,피엔에스수,29,30,30,30,99,국5,한국,암,3,4(1/0/0),2022/03/05-5R, ,,
309,310,피엔에스아이,30,,,,99,국5,한국,수,3,3(1/0/0),2022/03/12-1R, ,,
310,311,피엔에스행복,29,29,,,99,국5,한국,수,3,5(1/1/0),2022/03/12-5R, ,,
311,312,피케이로드,24,25,26,27,99,국5,한국,암,4,10(0/1/3),2021/11/14-5R, ,,
312,313,하이퍼카,35,35,35,31,52,국5,한국,거,5,15(0/3/4),2022/03/13-5R,차,,
313,314,한강매직,32,30,30,30,19,국5,한국,암,3,6(1/0/1),2022/03/13-6R, ,,
314,315,한강보스,30,30,,,19,국5,한국,거,3,5(1/0/0),2022/03/19-5R, ,,
315,316,한강챔프,31,31,28,28,19,국5,한국,거,3,5(0/3/0),2022/02/27-6R,금,,
316,317,함평나비,31,31,,,3,국5,한국,암,3,2(1/0/0),2022/03/13-7R, ,,
317,318,함평여왕,29,29,,,3,국5,한국,암,3,5(1/0/0),2022/02/26-4R,금,,
318,319,해피먼스,23,24,25,25,4,국5,한국,암,5,27(0/1/3),2022/01/16-5R,금,,
319,320,해피믹스,30,,,,27,국5,한국,암,3,3(1/0/1),2022/02/19-1R,금,,
320,321,해피삭스,30,31,32,32,31,국5,한국,암,4,9(1/1/2),2022/03/20-4R, ,,
321,322,호크의영광,30,30,30,26,16,국5,한국,거,6,29(0/1/5),2022/03/20-5R, ,,
322,323,홀리데이참,34,34,34,27,23,국5,한국,수,4,11(1/2/1),2022/01/15-6R,금,,
323,324,화수분,35,28,28,,10,국5,한국,암,3,5(1/1/2),2022/02/13-5R,금,,
324,325,화이트윙,27,28,29,30,14,국5,한국,암,4,8(1/0/1),2022/03/05-5R, ,,
325,326,회두령,28,28,29,30,8,국5,한국,수,4,12(1/2/1),2022/03/05-7R,차,,
326,327,흑룡가무,29,30,30,30,99,국5,한국,거,4,11(0/3/1),2021/11/27-5R, ,,
327,328,흥행대박,35,30,30,,27,국5,한국,거,4,4(1/2/0),2022/02/27-5R,차,,
328,329,희망챔프,29,30,30,30,51,국5,한국,수,3,6(1/0/0),2022/03/12-5R, ,,
329,330,히어로스피드,29,30,31,31,51,국5,한국,암,4,13(1/1/0),2022/03/13-7R, ,,
330,331,히트에이스,27,28,29,29,42,국5,한국,암,4,10(0/2/0),2022/02/13-5R,금,,
0,1,가기만고당,,,,,48,국6,한국,거,3,0(0/0/0),,차,,
1,2,갈색향기,,,,,22,국6,한국,암,3,6(0/1/1),2022/03/19-2R, ,,
2,3,감곡선샤인,,,,,99,국6,한국,암,3,3(0/0/0),2022/01/16-1R, ,,
3,4,강서돌풍,,,,,9,국6,한국,수,3,0(0/0/0),, ,,
4,5,강철부대,,,,,49,국6,한국,수,3,0(0/0/0),, ,,
5,6,거문,,,,,48,국6,한국,암,3,3(0/0/0),2022/02/13-2R, ,,
6,7,거센강자,,,,,14,국6,한국,암,3,1(0/0/0),2022/02/26-2R,차,,
7,8,거센광풍,,,,,28,국6,한국,수,3,5(0/0/0),2022/03/12-1R,차,,
8,9,건곤일척,,,,,99,국6,한국,수,3,4(0/0/1),2022/03/20-2R, ,,
9,10,걸작맨,,,,,4,국6,한국,거,4,15(0/0/1),2022/02/27-2R, ,,
10,11,경부대검,,,,,51,국6,한국,수,3,1(0/0/0),2022/01/23-1R, ,,
11,12,고고고,,,,,12,국6,한국,수,4,7(0/1/0),2021/04/18-4R, ,,
12,13,고져스서브,,,,,52,국6,한국,암,3,2(0/0/0),2022/03/13-2R, ,,
13,14,골드카이저,,,,,3,국6,한국,암,4,4(0/0/2),2022/01/16-3R, ,,
14,15,골든스쿠프,,,,,42,국6,한국,암,3,5(0/1/1),2022/02/20-1R,금,,
15,16,골든아너,,,,,25,국6,한국,수,3,0(0/0/0),, ,,
16,17,골든클래스,,,,,29,국6,한국,암,3,2(0/0/0),2021/11/27-2R, ,,
17,18,과천신세계,,,,,41,국6,한국,암,4,15(0/0/1),2022/03/06-3R, ,,
18,19,광명성,,,,,49,국6,한국,수,3,0(0/0/0),,금,,
19,20,국대클래스,,,,,16,국6,한국,거,3,0(0/0/0),, ,,
20,21,국향,,,,,99,국6,한국,암,4,8(0/1/1),2022/03/12-2R, ,,
21,22,굿승리,,,,,4,국6,한국,암,3,2(0/0/0),2022/01/22-2R, ,,
22,23,그레이트매직,,,,,16,국6,한국,거,3,1(0/0/0),2022/02/20-2R, ,,
23,24,그레이트제니,,,,,31,국6,한국,암,3,4(0/0/0),2022/03/12-3R,금,,
24,25,그린드래건,,,,,99,국6,한국,암,3,1(0/1/0),2022/03/05-1R, ,,
25,26,글로벌보배,,,,,28,국6,한국,수,3,3(0/1/1),2022/02/26-1R, ,,
26,27,글로벌스톰,,,,,28,국6,한국,거,4,10(0/0/0),2022/03/13-4R, ,,
27,28,글로벌캐슬,,,,,6,국6,한국,암,3,1(0/0/0),2022/03/05-2R, ,,
28,29,글로벌프라임,,,,,28,국6,한국,암,3,3(0/0/1),2022/01/29-2R,차,,
29,30,금국화,,,,,5,국6,한국,암,4,10(0/1/1),2022/01/15-3R, ,,
30,31,금성스피드,,,,,99,국6,한국,암,3,3(0/0/0),2021/12/18-2R, ,,
31,32,금성최고,,,,,32,국6,한국,수,3,0(0/0/0),, ,,
32,33,금성크라운,,,,,33,국6,한국,수,3,3(0/0/1),2021/11/06-2R, ,,
33,34,금성환희,,,,,2,국6,한국,수,3,5(0/1/0),2022/03/20-2R, ,,
34,35,금아위티,,,,,54,국6,한국,암,3,3(0/0/0),2022/03/13-2R, ,,
35,36,기쁨환희,,,,,48,국6,한국,암,3,3(0/0/1),2022/03/05-1R, ,,
36,37,깡돌이,,,,,99,국6,한국,암,4,11(0/1/0),2022/03/12-2R, ,,
37,38,나나랜드,,,,,25,국6,한국,암,4,3(0/0/0),2022/03/20-3R, ,,
38,39,나올세상,,,,,33,국6,한국,암,3,2(0/0/0),2022/02/26-1R,금,,
39,40,나올에이스,,,,,51,국6,한국,수,3,2(0/0/0),2022/01/22-1R,금,,
40,41,나올챔프,,,,,99,국6,한국,암,3,2(0/0/0),2021/12/25-3R, ,,
41,42,나올킹,,,,,99,국6,한국,수,3,1(0/0/0),2022/02/26-2R, ,,
42,43,남산꽃,,,,,25,국6,한국,암,4,1(0/0/1),2021/10/16-3R,금,,
43,44,남산무적,,,,,9,국6,한국,수,3,3(0/0/0),2022/03/12-1R, ,,
44,45,남산바이트,,,,,33,국6,한국,수,3,0(0/0/0),, ,,
45,46,남산호랑이,,,,,34,국6,한국,수,3,3(0/0/0),2022/02/26-1R,금,,
46,47,내길의별,,,,,99,국6,한국,수,3,1(0/0/0),2022/03/06-1R, ,,
47,48,너를응원해,,,,,48,국6,한국,암,3,5(0/1/0),2022/03/12-2R, ,,
48,49,너울이,,,,,99,국6,한국,수,3,1(0/0/0),2021/12/19-1R, ,,
49,50,네버네버스톱,,,,,12,국6,한국,거,3,0(0/0/0),,금,,
50,51,노스몰선,,,,,10,국6,한국,암,3,4(0/0/0),2021/12/05-2R, ,,
51,52,논스톱알리,,,,,13,국6,한국,수,3,4(0/0/0),2022/03/06-1R,차,,
52,53,뉴스마트,,,,,37,국6,한국,암,4,8(0/0/0),2022/03/19-2R, ,,
53,54,뉴청파,,,,,3,국6,한국,수,3,3(0/0/0),2022/02/26-1R,금,,
54,55,다운더존,,,,,99,국6,한국,암,3,4(0/0/1),2022/02/27-2R, ,,
55,56,다프네,,,,,14,국6,한국,암,3,3(0/0/1),2021/12/12-1R, ,,
56,57,달타령,,,,,32,국6,한국,암,4,4(0/0/0),2021/10/24-2R, ,,
57,58,대륜함성,,,,,54,국6,한국,수,3,0(0/0/0),, ,,
58,59,대사리,,,,,34,국6,한국,거,3,0(0/0/0),,금,,
59,60,대승가온,,,,,33,국6,한국,암,5,15(0/0/1),2022/03/06-3R, ,,
60,61,대천뷰티,,,,,16,국6,한국,수,3,1(0/0/0),2021/10/02-1R, ,,
61,62,댓츠마이걸,,,,,26,국6,한국,암,3,3(0/0/0),2022/03/13-4R, ,,
62,63,더페이버릿,,,,,99,국6,한국,암,3,5(0/0/2),2022/03/13-1R, ,,
63,64,델피니,,,,,14,국6,한국,암,4,6(0/0/2),2021/12/19-2R, ,,
64,65,돌배,,,,,28,국6,한국,암,3,3(0/0/0),2022/02/27-1R,금,,
65,66,동방사기,,,,,32,국6,한국,암,3,2(0/0/0),2022/02/26-2R, ,,
66,67,동방의혼,,,,,33,국6,한국,수,3,4(0/0/1),2022/03/06-2R, ,,
67,68,동서여걸,,,,,24,국6,한국,암,4,13(0/1/0),2022/03/20-3R, ,,
68,69,동트자웨이,,,,,99,국6,한국,수,3,1(0/0/0),2022/03/13-3R, ,,
69,70,두손드라이브,,,,,50,국6,한국,수,3,4(0/1/0),2022/01/23-3R, ,,
70,71,드림로즈,,,,,27,국6,한국,암,3,1(0/0/0),2022/03/20-1R, ,,
71,72,디바인파워,,,,,2,국6,한국,수,5,15(0/0/0),2022/03/19-3R, ,,
72,73,디바인퓨처즈,,,,,51,국6,한국,수,3,3(0/0/0),2022/03/06-1R,차,,
73,74,디스코보이,,,,,3,국6,한국,거,3,3(0/0/0),2022/03/06-2R,차,,
74,75,떠오르다,,,,,99,국6,한국,암,3,3(0/0/0),2022/02/19-2R, ,,
75,76,또바기,,,,,99,국6,한국,암,3,1(0/0/0),2021/12/25-1R, ,,
76,77,라로마네,,,,,54,국6,한국,암,3,4(0/0/0),2022/02/19-1R, ,,
77,78,라스트콜,,,,,99,국6,한국,수,4,6(0/0/0),2021/12/04-3R, ,,
78,79,라온더스파크,,,,,99,국6,한국,거,3,1(0/0/0),2021/09/11-1R, ,,
79,80,라온더와일드,,,,,1,국6,한국,수,3,5(0/0/0),2022/03/13-3R, ,,
80,81,라온더축제,,,,,1,국6,한국,암,3,4(0/0/0),2022/03/20-2R, ,,
81,82,라온더피버,,,,,1,국6,한국,암,3,5(0/0/0),2022/03/20-3R, ,,
82,83,랠리퀸,,,,,99,국6,한국,암,3,5(0/0/0),2022/03/12-2R, ,,
83,84,러너몬스터,,,,,3,국6,한국,수,3,6(0/0/0),2022/03/12-1R, ,,
84,85,럭센,,,,,35,국6,한국,수,3,6(0/0/0),2022/03/06-2R,금,,
85,86,럭셔리골드,,,,,21,국6,한국,암,5,7(0/0/0),2022/03/12-2R, ,,
86,87,럭키인디,,,,,26,국6,한국,암,3,6(0/1/1),2022/03/12-2R, ,,
87,88,런던명가,,,,,26,국6,한국,수,3,1(0/0/0),2022/01/22-1R,금,,
88,89,런던파워,,,,,26,국6,한국,암,4,8(0/0/2),2022/03/12-2R, ,,
89,90,레이볼트,,,,,54,국6,한국,암,3,2(0/0/0),2022/03/19-1R, ,,
90,91,로마블레이드,,,,,31,국6,한국,암,3,0(0/0/0),,차,,
91,92,로스트워,,,,,2,국6,한국,암,4,12(0/0/1),2022/02/27-4R,금,,
92,93,로즈골드,,,,,35,국6,한국,거,3,3(0/0/0),2022/02/26-1R,금,,
93,94,루나실버,,,,,52,국6,한국,암,3,3(0/0/0),2022/01/29-3R,금,,
94,95,루비캣,,,,,99,국6,한국,암,4,5(0/0/1),2021/12/05-2R, ,,
95,96,리저브드존,,,,,31,국6,한국,암,3,2(0/0/1),2022/03/12-1R, ,,
96,97,마루마,,,,,18,국6,한국,수,3,2(0/0/0),2022/02/27-2R,금,,
97,98,마바위,,,,,54,국6,한국,수,3,3(0/0/1),2022/01/29-2R,금,,
98,99,마이공주,,,,,9,국6,한국,수,3,0(0/0/0),,금,,
99,100,마이더스캠프,,,,,33,국6,한국,수,4,11(0/0/1),2022/02/20-3R,금,,
100,101,마이티굿,,,,,24,국6,한국,수,3,2(0/0/0),2022/02/13-3R,금,,
101,102,마이티앤,,,,,24,국6,한국,암,3,1(0/0/0),2022/03/05-1R, ,,
102,103,매직글로리,,,,,33,국6,한국,암,3,2(0/0/0),2022/02/26-3R,금,,
103,104,매직모카신,,,,,7,국6,한국,암,3,1(0/0/0),2021/12/26-1R, ,,
104,105,매직신화,,,,,3,국6,한국,수,3,1(0/0/0),2022/02/26-2R,금,,
105,106,매직주드,,,,,99,국6,한국,암,3,4(0/0/1),2021/12/11-3R, ,,
106,107,매직플라워,,,,,99,국6,한국,암,3,3(0/0/1),2021/12/25-3R, ,,
107,108,머니스톤,,,,,19,국6,한국,암,4,8(0/0/0),2022/03/13-3R,금,,
108,109,머니신,,,,,99,국6,한국,수,3,1(0/0/0),2021/12/25-2R, ,,
109,110,머니탑,,,,,20,국6,한국,암,3,6(0/0/0),2022/03/06-2R,금,,
110,111,머스탱참,,,,,53,국6,한국,암,3,2(0/0/0),2022/02/27-1R,금,,
111,112,멋진아치,,,,,31,국6,한국,암,3,1(0/0/0),2022/03/13-2R, ,,
112,113,메니에이스,,,,,19,국6,한국,암,3,2(0/1/0),2022/02/27-1R, ,,
113,114,명진캔디,,,,,21,국6,한국,암,4,10(0/0/0),2022/03/20-3R, ,,
114,115,모닝파이브,,,,,33,국6,한국,암,3,3(0/0/0),2022/02/26-2R,금,,
115,116,무지개공주,,,,,54,국6,한국,암,3,3(0/0/0),2022/02/26-3R, ,,
116,117,문학포리스트,,,,,50,국6,한국,수,4,14(0/1/1),2022/02/27-2R,금,,
117,118,미라클도터,,,,,34,국6,한국,암,3,2(0/0/0),2022/01/22-2R,금,,
118,119,미라클케이,,,,,18,국6,한국,암,3,4(0/0/0),2022/03/13-1R, ,,
119,120,미르베스트,,,,,21,국6,한국,수,3,4(0/1/0),2022/03/06-2R, ,,
120,121,미르파워,,,,,24,국6,한국,암,3,4(0/0/0),2022/03/19-1R, ,,
121,122,밀리언퀸,,,,,54,국6,한국,암,3,3(0/0/0),2022/02/27-3R,금,,
122,123,바다의꿈,,,,,13,국6,한국,거,4,6(0/0/0),2022/03/13-3R, ,,
123,124,바람살,,,,,28,국6,한국,암,3,6(0/0/0),2022/03/05-1R,금,,
124,125,바로퀸,,,,,4,국6,한국,암,3,5(0/0/2),2022/01/22-3R,금,,
125,126,방방뜨네,,,,,99,국6,한국,암,3,5(0/0/0),2022/03/19-2R, ,,
126,127,방탄여걸,,,,,42,국6,한국,암,4,12(0/0/1),2022/03/06-3R, ,,
127,128,백두미인,,,,,50,국6,한국,암,3,0(0/0/0),, ,,
128,129,백승,,,,,99,국6,한국,수,4,1(0/0/0),2021/11/27-3R, ,,
129,130,백일홍,,,,,99,국6,한국,암,3,1(0/0/0),2021/11/13-2R, ,,
130,131,베를린스타,,,,,52,국6,한국,수,3,1(0/0/0),2022/03/06-1R, ,,
131,132,베스트매드캠,,,,,50,국6,한국,암,3,3(0/0/0),2022/02/13-1R,금,,
132,133,베스트빅뱅,,,,,2,국6,한국,거,4,10(0/0/0),2022/03/19-3R, ,,
133,134,베스트슈퍼,,,,,99,국6,한국,거,4,1(0/0/0),2021/04/25-1R, ,,
134,135,베스트전사,,,,,50,국6,한국,수,3,3(0/0/1),2022/02/26-2R,금,,
135,136,베스트팔콘,,,,,99,국6,한국,암,3,1(0/0/0),2022/01/23-2R, ,,
136,137,베스트플랜,,,,,6,국6,한국,암,3,5(0/0/0),2022/03/20-1R, ,,
137,138,베스퍼,,,,,9,국6,한국,암,4,2(0/0/0),2021/04/17-2R, ,,
138,139,보스베이비,,,,,99,국6,한국,거,3,3(0/0/0),2022/01/09-1R, ,,
139,140,봄꽃,,,,,51,국6,한국,암,4,8(0/0/0),2021/10/10-3R, ,,
140,141,부케팔로스,,,,,23,국6,한국,수,4,9(0/0/1),2022/03/19-3R, ,,
141,142,불의신화,,,,,35,국6,한국,수,3,4(0/0/0),2022/03/06-2R,금,,
142,143,불의질주,,,,,35,국6,한국,수,3,2(0/0/0),2022/02/26-2R,금,,
143,144,브라운참,,,,,99,국6,한국,거,3,6(0/0/0),2022/02/12-3R, ,,
144,145,브라이트해피,,,,,11,국6,한국,암,3,6(0/0/0),2022/03/06-1R,차,,
145,146,브이퀸,,,,,4,국6,한국,암,4,11(0/0/1),2022/02/27-3R,금,,
146,147,블랙머니,,,,,99,국6,한국,거,3,2(0/0/0),2022/01/29-2R, ,,
147,148,블랙버미,,,,,24,국6,한국,암,3,1(0/0/0),2022/02/13-1R,차,,
148,149,블랙인디,,,,,53,국6,한국,거,4,9(0/1/0),2022/03/13-4R, ,,
149,150,블랙초콜릿,,,,,25,국6,한국,수,3,0(0/0/0),, ,,
150,151,블랙킹,,,,,14,국6,한국,수,5,20(0/1/0),2022/03/19-3R, ,,
151,152,블러드문,,,,,49,국6,한국,암,3,3(0/0/1),2022/03/13-2R, ,,
152,153,블로마인드,,,,,99,국6,한국,거,4,5(0/0/2),2022/03/12-3R, ,,
153,154,블루카이저,,,,,16,국6,한국,암,4,6(0/0/0),2022/02/20-3R,금,,
154,155,비밀상자,,,,,99,국6,한국,암,3,2(0/0/0),2022/03/13-2R, ,,
155,156,비바챔피언,,,,,21,국6,한국,수,4,12(0/0/0),2022/02/27-3R,금,,
156,157,비제이스톰,,,,,34,국6,한국,수,3,0(0/0/0),,차,,
157,158,비트업,,,,,13,국6,한국,수,3,3(0/0/0),2022/02/19-2R, ,,
158,159,비트퀸,,,,,99,국6,한국,암,4,6(0/0/0),2022/01/16-3R, ,,
159,160,비플라워,,,,,11,국6,한국,암,3,3(0/0/2),2022/03/13-2R,차,,
160,161,빅에너지,,,,,42,국6,한국,수,4,10(0/1/0),2022/02/27-3R,금,,
161,162,빅토리샘,,,,,19,국6,한국,암,4,3(0/1/0),2021/06/19-1R, ,,
162,163,빈체로킹,,,,,99,국6,한국,수,3,3(0/0/0),2022/03/13-1R, ,,
163,164,빛나는질주,,,,,23,국6,한국,수,4,12(0/0/1),2022/03/12-3R, ,,
164,165,빛의대륙,,,,,20,국6,한국,암,3,6(0/1/0),2022/02/27-4R,금,,
165,166,빛의카,,,,,20,국6,한국,수,3,0(0/0/0),, ,,
166,167,사랑다모아,,,,,99,국6,한국,암,4,8(0/0/1),2022/01/15-4R, ,,
167,168,사려니로키,,,,,14,국6,한국,거,3,3(0/0/0),2022/01/23-1R,금,,
168,169,사우스반,,,,,12,국6,한국,암,6,24(0/0/0),2022/03/19-3R, ,,
169,170,상상스타,,,,,32,국6,한국,암,3,1(0/0/0),2022/03/20-2R, ,,
170,171,상상질주,,,,,54,국6,한국,수,3,1(0/0/0),2022/02/20-1R, ,,
171,172,새로운빛깔,,,,,6,국6,한국,거,3,0(0/0/0),, ,,
172,173,새벽밴드,,,,,33,국6,한국,수,3,1(0/0/0),2022/03/06-1R, ,,
173,174,생일선물,,,,,22,국6,한국,암,3,3(0/1/0),2022/02/27-1R, ,,
174,175,샤인뮤직,,,,,37,국6,한국,암,5,13(0/0/1),2022/03/06-3R, ,,
175,176,서머에이스,,,,,52,국6,한국,수,3,4(0/0/0),2022/03/06-2R,금,,
176,177,선더누리,,,,,27,국6,한국,암,3,3(0/0/0),2022/03/19-1R, ,,
177,178,선더소니아,,,,,5,국6,한국,암,5,8(0/0/0),2021/12/19-3R, ,,
178,179,선더여왕,,,,,99,국6,한국,암,3,2(0/0/0),2022/02/13-1R, ,,
179,180,선봉골드,,,,,54,국6,한국,암,4,13(0/0/2),2022/02/20-4R,금,,
180,181,선샤인케이,,,,,26,국6,한국,암,3,0(0/0/0),, ,,
181,182,세명캡틴,,,,,29,국6,한국,수,4,11(0/1/1),2022/03/19-3R, ,,
182,183,소중한당신,,,,,29,국6,한국,암,4,7(0/1/1),2022/02/20-4R,금,,
183,184,소호승리,,,,,41,국6,한국,거,3,0(0/0/0),, ,,
184,185,송암누리,,,,,32,국6,한국,암,3,1(0/0/0),2022/01/30-1R,금,,
185,186,송암드래건,,,,,32,국6,한국,암,3,0(0/0/0),, ,,
186,187,송암레전드,,,,,8,국6,한국,수,3,3(0/0/0),2022/01/29-1R, ,,
187,188,송암베스트,,,,,31,국6,한국,암,3,3(0/0/2),2022/03/20-1R, ,,
188,189,송암아치걸,,,,,31,국6,한국,암,3,1(0/0/0),2022/02/26-1R,금,,
189,190,쇼미더골드,,,,,29,국6,한국,암,4,0(0/0/0),,차,,
190,191,순간터치,,,,,40,국6,한국,수,3,2(0/1/0),2022/02/19-2R,금,,
191,192,슈발도리앙,,,,,7,국6,한국,거,3,2(0/0/0),2021/12/26-3R, ,,
192,193,슈퍼다이아,,,,,34,국6,한국,암,3,2(0/0/1),2022/02/27-2R,금,,
193,194,슈퍼파크,,,,,29,국6,한국,암,5,23(0/0/0),2022/03/12-3R, ,,
194,195,슈퍼플랜,,,,,32,국6,한국,암,3,0(0/0/0),,금,,
195,196,스마일레이디,,,,,35,국6,한국,암,4,4(0/0/0),2022/03/20-3R, ,,
196,197,스마트별,,,,,11,국6,한국,암,3,4(0/0/0),2022/02/27-2R,금,,
197,198,스마트블루,,,,,31,국6,한국,암,3,5(0/1/1),2022/02/27-3R, ,,
198,199,스마티대세,,,,,27,국6,한국,암,3,2(0/0/0),2022/03/20-2R, ,,
199,200,스위트주스바,,,,,14,국6,한국,수,4,3(0/0/0),2021/04/24-4R,금,,
200,201,스위트카카오,,,,,37,국6,한국,암,4,5(0/0/0),2022/02/27-3R,금,,
201,202,스카이팡팡,,,,,32,국6,한국,수,3,3(0/0/0),2022/02/20-2R,금,,
202,203,스카이퓨처,,,,,25,국6,한국,거,5,3(0/1/2),2021/03/14-4R, ,,
203,204,스타레이서,,,,,25,국6,한국,수,3,1(0/0/0),2022/03/13-1R, ,,
204,205,스타크레이지,,,,,37,국6,한국,거,4,4(0/0/0),2021/09/18-2R, ,,
205,206,스타프린세스,,,,,21,국6,한국,암,3,5(0/0/0),2022/03/12-1R, ,,
206,207,스탠바이미,,,,,21,국6,한국,거,3,3(0/0/0),2022/03/06-1R, ,,
207,208,스푸트니크,,,,,29,국6,한국,거,3,5(0/0/0),2022/02/13-4R, ,,
208,209,스프링워터,,,,,7,국6,한국,수,3,0(0/0/0),,금,,
209,210,스피드갤럽,,,,,34,국6,한국,암,3,5(0/1/1),2022/02/13-2R, ,,
210,211,스피어골드,,,,,23,국6,한국,암,3,2(0/0/0),2022/02/19-1R,금,,
211,212,스피어퀸,,,,,23,국6,한국,암,3,3(0/0/0),2022/03/20-1R, ,,
212,213,시선평정,,,,,99,국6,한국,거,4,3(0/0/0),2022/01/09-3R, ,,
213,214,시티참,,,,,99,국6,한국,암,3,2(0/0/0),2022/03/05-1R, ,,
214,215,신대로,,,,,51,국6,한국,수,5,13(0/1/1),2022/03/13-3R, ,,
215,216,신데렐라,,,,,24,국6,한국,암,5,11(0/2/0),2022/03/06-3R, ,,
216,217,신주류,,,,,11,국6,한국,수,3,7(0/1/1),2022/03/20-3R, ,,
217,218,신한특송,,,,,20,국6,한국,암,3,1(0/0/0),2022/02/27-1R, ,,
218,219,쌍옥루,,,,,16,국6,한국,수,3,1(0/0/0),2022/01/23-1R, ,,
219,220,쏘아라대로,,,,,48,국6,한국,암,3,4(0/1/1),2022/03/13-3R, ,,
220,221,아임포스원,,,,,11,국6,한국,수,3,0(0/0/0),, ,,
221,222,아치게이트,,,,,25,국6,한국,수,3,1(0/0/0),2022/02/19-3R, ,,
222,223,아치리버,,,,,99,국6,한국,암,3,2(0/0/0),2022/03/20-1R, ,,
223,224,아치메모리,,,,,37,국6,한국,암,3,2(0/0/0),2021/12/11-3R, ,,
224,225,아치신,,,,,8,국6,한국,암,3,0(0/0/0),,금,,
225,226,아치참,,,,,24,국6,한국,암,3,3(0/0/0),2022/02/12-3R,차,,
226,227,알사이먼,,,,,41,국6,한국,암,3,3(0/0/0),2022/01/29-2R,금,,
227,228,애국자달려,,,,,99,국6,한국,수,3,2(0/0/0),2021/12/11-2R, ,,
228,229,애플민트,,,,,34,국6,한국,거,4,7(0/0/2),2022/03/13-4R, ,,
229,230,야무진꿈,,,,,99,국6,한국,암,3,2(0/0/0),2021/08/14-1R, ,,
230,231,야무진배짱,,,,,99,국6,한국,수,3,4(0/0/0),2022/02/13-4R, ,,
231,232,야무진왕초,,,,,22,국6,한국,수,3,5(0/0/0),2022/02/20-2R,금,,
232,233,어나더레벨,,,,,25,국6,한국,암,3,1(0/0/1),2022/03/05-2R,금,,
233,234,어드밴스,,,,,16,국6,한국,암,5,17(0/0/2),2022/01/16-3R,금,,
234,235,어메이징나우,,,,,1,국6,한국,수,3,1(0/0/0),2021/12/19-1R, ,,
235,236,엄청난걸,,,,,48,국6,한국,암,4,12(0/1/0),2022/03/19-2R, ,,
236,237,에이스플랜,,,,,6,국6,한국,수,3,6(0/1/0),2022/02/26-1R,금,,
237,238,에코존,,,,,53,국6,한국,수,3,2(0/0/0),2022/02/20-1R,금,,
238,239,에클레어더원,,,,,99,국6,한국,암,3,1(0/0/0),2022/01/30-1R, ,,
239,240,에피파니,,,,,99,국6,한국,수,4,13(0/1/0),2022/03/19-3R, ,,
240,241,엔비전사,,,,,99,국6,한국,수,3,1(0/0/0),2022/02/26-1R, ,,
241,242,엠제이돌풍,,,,,99,국6,한국,수,4,5(0/0/0),2021/11/14-3R, ,,
242,243,엠제이스톰,,,,,52,국6,한국,수,4,14(0/1/1),2022/03/13-4R, ,,
243,244,엠제이타임,,,,,50,국6,한국,암,3,2(0/0/0),2022/02/27-1R,금,,
244,245,연희사랑,,,,,6,국6,한국,암,3,2(0/0/0),2022/02/27-1R,금,,
245,246,영블러드,,,,,53,국6,한국,수,3,4(0/0/0),2022/02/26-2R,차,,
246,247,오천복,,,,,33,국6,한국,암,3,0(0/0/0),,금,,
247,248,옥동공주,,,,,2,국6,한국,암,4,12(0/1/1),2022/02/20-3R,차,,
248,249,옥천최강,,,,,19,국6,한국,수,3,0(0/0/0),,금,,
249,250,온천하,,,,,49,국6,한국,수,4,7(0/1/1),2022/02/20-2R,금,,
250,251,올가림,,,,,49,국6,한국,수,3,7(0/1/1),2022/03/05-2R, ,,
251,252,올포유어드림,,,,,41,국6,한국,수,3,4(0/1/0),2021/12/26-3R, ,,
252,253,와일드러너,,,,,99,국6,한국,암,3,2(0/0/2),2022/01/09-1R, ,,
253,254,용암보스,,,,,19,국6,한국,수,3,5(0/0/1),2022/02/27-2R,금,,
254,255,용천지상,,,,,32,국6,한국,거,3,1(0/0/0),2021/12/11-1R, ,,
255,256,우뚝,,,,,5,국6,한국,수,3,4(0/0/1),2022/02/19-2R, ,,
256,257,우승바람,,,,,19,국6,한국,거,3,2(0/1/1),2022/02/13-1R, ,,
257,258,우청륭,,,,,99,국6,한국,수,3,3(0/0/0),2022/01/16-2R, ,,
258,259,워프나인,,,,,99,국6,한국,수,3,6(0/0/0),2022/03/19-3R, ,,
259,260,원더풀니키야,,,,,16,국6,한국,암,5,18(0/1/1),2022/03/19-2R, ,,
260,261,원더풀데퓨티,,,,,12,국6,한국,암,3,0(0/0/0),, ,,
261,262,원더풀머스킷,,,,,99,국6,한국,암,4,2(0/0/0),2021/03/07-1R, ,,
262,263,원더풀키티,,,,,33,국6,한국,암,3,4(0/1/1),2022/02/12-1R,금,,
263,264,원더풀하와이,,,,,12,국6,한국,암,4,8(0/1/0),2022/02/26-3R,금,,
264,265,원스피어,,,,,99,국6,한국,거,3,2(0/0/0),2022/01/09-1R, ,,
265,266,원평광야,,,,,10,국6,한국,암,3,4(0/0/0),2022/03/20-3R, ,,
266,267,원평버드,,,,,23,국6,한국,수,3,2(0/0/0),2022/02/20-1R,금,,
267,268,원평스카이,,,,,10,국6,한국,거,3,0(0/0/0),, ,,
268,269,원평퀸,,,,,23,국6,한국,암,3,4(0/0/0),2022/02/20-4R,금,,
269,270,웰빙챔피언,,,,,24,국6,한국,암,3,2(0/0/0),2022/01/16-3R,금,,
270,271,위대한한마,,,,,50,국6,한국,암,3,3(0/0/0),2022/03/19-1R, ,,
271,272,위즈업,,,,,40,국6,한국,수,3,1(0/0/0),2022/02/20-1R, ,,
272,273,유레카,,,,,14,국6,한국,수,3,5(0/0/0),2022/03/20-2R, ,,
273,274,유로강자,,,,,41,국6,한국,수,3,4(0/0/1),2022/02/27-3R,금,,
274,275,유로퀸,,,,,41,국6,한국,암,3,6(0/0/0),2022/03/12-3R, ,,
275,276,은파마운틴,,,,,15,국6,한국,수,3,0(0/0/0),, ,,
276,277,은혜가문,,,,,8,국6,한국,암,3,2(0/0/0),2022/02/27-1R, ,,
277,278,은혜가이,,,,,27,국6,한국,수,3,1(0/0/0),2022/03/19-1R, ,,
278,279,은혜글로리,,,,,8,국6,한국,수,3,0(0/0/0),, ,,
279,280,은혜드림,,,,,27,국6,한국,암,3,5(0/0/1),2022/03/13-3R, ,,
280,281,은혜레코드,,,,,8,국6,한국,수,3,3(0/0/0),2022/03/20-2R, ,,
281,282,은혜서브,,,,,27,국6,한국,암,3,5(0/1/1),2022/03/12-2R,금,,
282,283,이글포인트,,,,,25,국6,한국,수,3,2(0/1/0),2022/01/16-2R, ,,
283,284,이스트매직,,,,,50,국6,한국,암,4,8(0/0/0),2022/02/26-3R,금,,
284,285,이스트트로스,,,,,99,국6,한국,암,4,6(0/0/0),2022/03/05-2R, ,,
285,286,인디팝,,,,,14,국6,한국,수,3,0(0/0/0),,금,,
286,287,인빅터스,,,,,51,국6,한국,암,4,8(0/1/0),2022/03/06-3R,차,,
287,288,작두콩,,,,,10,국6,한국,암,3,3(0/0/0),2022/02/26-3R,금,,
288,289,장군별,,,,,16,국6,한국,수,3,5(0/0/1),2022/02/20-3R, ,,
289,290,적토성산,,,,,54,국6,한국,수,3,5(0/0/0),2022/02/19-2R,금,,
290,291,정문스피드,,,,,6,국6,한국,수,3,4(0/0/0),2022/03/06-2R, ,,
291,292,정문질주,,,,,6,국6,한국,수,3,1(0/0/0),2022/02/20-1R, ,,
292,293,정문파파고,,,,,7,국6,한국,거,3,0(0/0/0),, ,,
293,294,정상파워,,,,,99,국6,한국,수,3,0(0/0/0),, ,,
294,295,제로백파이브,,,,,7,국6,한국,암,4,5(0/0/0),2022/03/19-2R, ,,
295,296,제이피닉스,,,,,40,국6,한국,수,3,1(0/0/1),2021/12/19-1R, ,,
296,297,젠틀룰즈,,,,,99,국6,한국,암,3,1(0/0/0),2022/01/22-1R, ,,
297,298,젤로스,,,,,15,국6,한국,암,4,6(0/0/0),2022/02/27-3R,금,,
298,299,주얼리베스트,,,,,37,국6,한국,암,3,3(0/0/0),2022/02/20-4R,금,,
299,300,지스타,,,,,99,국6,한국,수,3,5(0/1/0),2022/03/12-1R, ,,
300,301,질주에바다,,,,,33,국6,한국,수,3,6(0/0/1),2022/03/06-8R, ,,
301,302,질주의칸,,,,,99,국6,한국,암,3,2(0/0/0),2022/01/16-3R, ,,
302,303,차돌런,,,,,6,국6,한국,암,3,4(0/0/0),2022/03/13-2R, ,,
303,304,채플프린세스,,,,,12,국6,한국,암,3,1(0/0/0),2022/03/20-2R, ,,
304,305,챈슬러,,,,,99,국6,한국,수,3,1(0/0/0),2022/01/29-1R, ,,
305,306,챔프스타일,,,,,22,국6,한국,암,3,4(0/0/0),2022/03/12-2R, ,,
306,307,챔피언함성,,,,,99,국6,한국,수,3,3(0/0/0),2022/03/13-1R, ,,
307,308,천둥오름,,,,,30,국6,한국,암,3,5(0/0/0),2022/02/26-3R, ,,
308,309,천블릿,,,,,16,국6,한국,암,3,2(0/0/0),2022/03/12-2R,금,,
309,310,천상성,,,,,51,국6,한국,수,4,6(0/0/0),2022/02/27-3R, ,,
310,311,천송이,,,,,29,국6,한국,암,3,5(0/0/0),2022/03/13-4R, ,,
311,312,천스닥,,,,,32,국6,한국,암,3,6(0/0/0),2022/03/05-1R,금,,
312,313,천적캣,,,,,29,국6,한국,암,3,2(0/0/0),2022/03/13-2R, ,,
313,314,천지의빛,,,,,52,국6,한국,암,3,5(0/0/0),2022/03/06-3R, ,,
314,315,천지지대,,,,,19,국6,한국,수,3,5(0/1/1),2022/01/29-4R,차,,
315,316,청산드림,,,,,99,국6,한국,암,3,0(0/0/0),, ,,
316,317,청산영웅,,,,,99,국6,한국,거,3,7(0/0/1),2022/03/19-3R, ,,
317,318,체인저,,,,,54,국6,한국,거,3,2(0/0/0),2022/02/26-1R,금,,
318,319,초원의힘,,,,,5,국6,한국,암,3,2(0/0/0),2021/12/18-2R,금,,
319,320,최강미래,,,,,27,국6,한국,거,3,0(0/0/0),,차,,
320,321,최고블랙,,,,,9,국6,한국,수,3,0(0/0/0),, ,,
321,322,최고포인트,,,,,9,국6,한국,거,3,1(0/0/0),2022/03/20-2R, ,,
322,323,카지노스타,,,,,12,국6,한국,암,4,7(0/0/0),2022/03/20-3R, ,,
323,324,캐시백,,,,,13,국6,한국,수,3,5(0/0/2),2022/03/06-1R, ,,
324,325,캠프세이버,,,,,51,국6,한국,암,3,4(0/0/0),2022/03/13-1R, ,,
325,326,컨트리로드,,,,,27,국6,한국,수,4,8(0/1/0),2022/03/12-3R, ,,
326,327,컴플리트웨펀,,,,,50,국6,한국,수,3,1(0/0/0),2022/02/20-1R, ,,
327,328,컴플리트조이,,,,,99,국6,한국,암,3,2(0/0/0),2022/02/19-1R, ,,
328,329,케이엔스케치,,,,,18,국6,한국,수,3,2(0/0/0),2022/02/26-2R,금,,
329,330,케이엔월드,,,,,18,국6,한국,거,4,2(0/0/0),2021/12/04-4R, ,,
330,331,케이엔티즈원,,,,,99,국6,한국,수,3,3(0/0/0),2022/02/19-2R, ,,
331,332,케이엔파크,,,,,18,국6,한국,거,4,4(0/1/0),2022/02/20-3R,금,,
332,333,케이엔포스트,,,,,18,국6,한국,암,4,2(0/0/0),2022/02/26-3R,금,,
333,334,코스모,,,,,16,국6,한국,암,3,2(0/1/0),2021/12/12-1R,금,,
334,335,코스모퀸,,,,,99,국6,한국,암,3,0(0/0/0),, ,,
335,336,콩코드스파크,,,,,42,국6,한국,암,3,1(0/0/0),2022/01/08-1R, ,,
336,337,퀵니스,,,,,48,국6,한국,암,3,0(0/0/0),,금,,
337,338,퀵실버,,,,,33,국6,한국,암,3,0(0/0/0),,금,,
338,339,퀸라이언,,,,,11,국6,한국,암,5,14(0/0/2),2022/02/20-2R,금,,
339,340,퀸오브레이싱,,,,,29,국6,한국,암,3,6(0/0/1),2022/03/05-1R,금,,
340,341,퀸의질주,,,,,52,국6,한국,암,3,2(0/1/1),2022/02/12-1R,금,,
341,342,큐피드벨,,,,,31,국6,한국,암,3,2(0/0/0),2022/02/27-2R,금,,
342,343,큐피드세이프,,,,,50,국6,한국,암,3,2(0/0/1),2022/02/19-2R, ,,
343,344,크레이지산타,,,,,41,국6,한국,암,3,2(0/0/0),2022/03/20-1R, ,,
344,345,클라우터,,,,,19,국6,한국,거,4,16(0/0/2),2022/03/19-3R, ,,
345,346,클래식스타,,,,,31,국6,한국,암,3,0(0/0/0),, ,,
346,347,클레어베스트,,,,,40,국6,한국,수,3,2(0/1/0),2022/02/26-1R,차,,
347,348,클레어파워,,,,,52,국6,한국,거,3,0(0/0/0),, ,,
348,349,킹마운틴,,,,,6,국6,한국,수,3,6(0/1/0),2022/02/27-4R,금,,
349,350,킹스아이,,,,,6,국6,한국,수,3,0(0/0/0),, ,,
350,351,킹아너,,,,,4,국6,한국,수,3,0(0/0/0),, ,,
351,352,타이거존,,,,,99,국6,한국,수,3,2(0/0/0),2022/03/13-1R, ,,
352,353,태산아치,,,,,48,국6,한국,암,3,1(0/0/0),2022/02/27-1R,금,,
353,354,탱자,,,,,27,국6,한국,수,3,1(0/0/0),2022/02/20-1R,금,,
354,355,터치나인,,,,,9,국6,한국,수,3,5(0/0/1),2022/03/05-2R, ,,
355,356,터프여제,,,,,10,국6,한국,암,3,2(0/0/0),2022/02/27-1R,금,,
356,357,테이크머니,,,,,22,국6,한국,거,3,4(0/0/0),2022/03/20-3R, ,,
357,358,토루크막토,,,,,54,국6,한국,암,4,14(0/0/0),2022/03/19-2R, ,,
358,359,톱클래스,,,,,9,국6,한국,수,3,2(0/0/0),2021/08/15-1R, ,,
359,360,톱포지션,,,,,42,국6,한국,암,3,3(0/0/1),2022/03/20-1R, ,,
360,361,통일전사,,,,,17,국6,한국,거,4,5(0/0/0),2022/02/20-3R, ,,
361,362,투에이스,,,,,35,국6,한국,거,4,6(0/0/0),2022/02/20-3R,금,,
362,363,투투키튼,,,,,24,국6,한국,암,3,0(0/0/0),, ,,
363,364,트레비트,,,,,2,국6,한국,수,3,0(0/0/0),,금,,
364,365,트로트퀸,,,,,99,국6,한국,암,3,5(0/0/1),2022/02/27-3R, ,,
365,366,트로팅라일리,,,,,34,국6,한국,거,4,0(0/0/0),,차,,
366,367,트리플조이,,,,,19,국6,한국,거,3,1(0/0/1),2022/03/19-1R, ,,
367,368,티즈러너,,,,,51,국6,한국,거,4,1(0/0/0),2022/01/15-2R,금,,
368,369,티즈석세스,,,,,48,국6,한국,암,3,1(0/1/0),2022/03/13-2R, ,,
369,370,티즈파이팅,,,,,99,국6,한국,거,4,6(0/0/0),2022/01/30-2R, ,,
370,371,티즈헌터,,,,,8,국6,한국,수,3,0(0/0/0),, ,,
371,372,티케이존,,,,,42,국6,한국,수,3,3(0/0/0),2022/02/27-4R,차,,
372,373,티파니블루,,,,,4,국6,한국,암,4,6(0/0/0),2021/12/19-2R,금,,
373,374,파워플랜,,,,,99,국6,한국,암,3,2(0/0/0),2022/03/13-2R, ,,
374,375,패밀리캡틴,,,,,21,국6,한국,수,4,12(0/1/0),2022/03/13-3R, ,,
375,376,퍼미션투윈,,,,,9,국6,한국,수,3,1(0/0/0),2022/03/19-1R, ,,
376,377,퍼스트로드,,,,,18,국6,한국,암,4,7(0/1/0),2022/03/19-2R, ,,
377,378,퍼스트슈,,,,,37,국6,한국,수,3,2(0/0/0),2021/11/28-2R, ,,
378,379,퍼지데이,,,,,99,국6,한국,거,3,2(0/1/0),2021/11/06-1R, ,,
379,380,퍼지퀸,,,,,11,국6,한국,암,4,10(0/0/0),2022/03/12-2R, ,,
380,381,퍼펙트타임,,,,,2,국6,한국,암,3,3(0/0/0),2022/02/19-1R,금,,
381,382,퍼플스톰,,,,,3,국6,한국,수,3,2(0/0/0),2022/03/13-1R, ,,
382,383,퍼플월드,,,,,4,국6,한국,거,3,1(0/1/0),2022/01/29-1R,차,,
383,384,펀크레이지,,,,,25,국6,한국,수,3,2(0/1/0),2022/02/27-2R, ,,
384,385,포사포사,,,,,49,국6,한국,수,3,9(0/1/1),2022/03/13-4R, ,,
385,386,프린세스데이,,,,,11,국6,한국,암,4,8(0/0/2),2022/03/13-3R, ,,
386,387,플라이스타,,,,,16,국6,한국,수,5,2(0/1/0),2022/02/27-3R,금,,
387,388,플라잉골드,,,,,9,국6,한국,수,3,3(0/0/1),2022/01/16-2R, ,,
388,389,플라잉바비,,,,,26,국6,한국,암,5,12(0/0/1),2022/03/06-3R,금,,
389,390,플라잉센걸,,,,,35,국6,한국,암,3,5(0/0/0),2022/03/19-1R, ,,
390,391,플래시선더,,,,,1,국6,한국,수,3,1(0/0/0),2022/03/19-1R, ,,
391,392,피엔에스갬블,,,,,11,국6,한국,수,3,5(0/0/0),2022/03/05-2R,금,,
392,393,피엔에스더킹,,,,,2,국6,한국,거,3,4(0/0/0),2022/03/13-4R, ,,
393,394,피엔에스린,,,,,7,국6,한국,거,3,3(0/0/0),2022/01/16-2R,차,,
394,395,피엔에스빌,,,,,99,국6,한국,수,3,7(0/0/0),2022/03/13-3R, ,,
395,396,피엔에스싱,,,,,29,국6,한국,암,3,2(0/0/0),2022/02/26-1R, ,,
396,397,피엔에스안,,,,,99,국6,한국,암,3,1(0/0/0),2022/02/19-1R, ,,
397,398,피엔에스얀,,,,,99,국6,한국,암,3,4(0/0/0),2022/03/19-1R, ,,
398,399,피엔에스찬스,,,,,99,국6,한국,암,3,6(0/1/0),2022/03/20-1R, ,,
399,400,피엔에스헐,,,,,99,국6,한국,암,3,7(0/0/1),2022/03/20-3R, ,,
400,401,하늘아,,,,,17,국6,한국,암,3,1(0/0/0),2022/02/19-1R, ,,
401,402,하니,,,,,35,국6,한국,암,4,12(0/0/1),2022/03/19-3R, ,,
402,403,하이러너,,,,,42,국6,한국,암,3,2(0/0/0),2022/02/19-1R, ,,
403,404,하이파크,,,,,21,국6,한국,암,3,4(0/0/0),2022/03/05-1R,차,,
404,405,한가위선물,,,,,99,국6,한국,암,3,0(0/0/0),, ,,
405,406,한강돌풍,,,,,19,국6,한국,거,3,0(0/0/0),,차,,
406,407,한강히어로,,,,,19,국6,한국,암,3,0(0/0/0),,금,,
407,408,함평스카이,,,,,32,국6,한국,수,3,0(0/0/0),, ,,
408,409,함평에이스,,,,,32,국6,한국,수,3,1(0/0/0),2022/03/13-1R, ,,
409,410,함평파이터,,,,,3,국6,한국,암,3,5(0/0/0),2022/03/12-1R, ,,
410,411,항구스타,,,,,25,국6,한국,수,3,1(0/0/0),2021/10/23-2R,차,,
411,412,해제반도,,,,,54,국6,한국,수,3,2(0/0/0),2022/02/12-3R, ,,
412,413,해피뉴마,,,,,51,국6,한국,암,3,3(0/0/0),2022/03/13-1R, ,,
413,414,해피드림,,,,,99,국6,한국,암,4,8(0/0/2),2022/03/19-2R, ,,
414,415,햇무리,,,,,19,국6,한국,거,3,4(0/1/1),2022/02/26-2R,금,,
415,416,행복여왕,,,,,24,국6,한국,암,3,2(0/0/0),2022/01/22-2R,금,,
416,417,허니펀치,,,,,52,국6,한국,암,3,4(0/0/1),2022/02/26-3R,금,,
417,418,허밍버드,,,,,52,국6,한국,거,3,3(0/0/0),2022/02/19-2R,금,,
418,419,헤라블레이드,,,,,30,국6,한국,암,3,3(0/0/0),2022/03/05-1R, ,,
419,420,헬로금성,,,,,32,국6,한국,암,5,15(0/0/2),2022/02/26-3R,금,,
420,421,화랑투데이,,,,,25,국6,한국,수,3,1(0/1/0),2021/10/23-1R, ,,
421,422,화려한미소,,,,,14,국6,한국,암,4,7(0/1/0),2022/02/26-3R, ,,
422,423,황금달빛,,,,,49,국6,한국,암,4,8(0/0/2),2021/12/25-3R,금,,
423,424,황우강자,,,,,1,국6,한국,수,3,2(0/0/0),2021/12/26-2R,차,,
424,425,후이넘,,,,,52,국6,한국,수,4,6(0/0/0),2021/08/08-5R, ,,
425,426,휘파람,,,,,11,국6,한국,암,3,3(0/1/1),2022/02/12-1R,금,,
426,427,희망가득,,,,,34,국6,한국,암,3,3(0/0/0),2022/01/16-2R, ,,
427,428,희망오름,,,,,3,국6,한국,암,3,0(0/0/0),, ,,
428,429,희망워리어,,,,,41,국6,한국,암,3,0(0/0/0),, ,,
429,430,희망의불꽃,,,,,6,국6,한국,수,3,0(0/0/0),,금,,
0,1,가나패션,,,,,26,국미검,한국,암,3,0(0/0/0),, ,,
1,2,강력한지금,,,,,49,국미검,한국,수,2,0(0/0/0),,차,,
2,3,고마나루,,,,,7,국미검,한국,수,3,0(0/0/0),, ,,
3,4,골드파워,,,,,99,국미검,한국,암,3,0(0/0/0),, ,,
4,5,골든럭키,,,,,99,국미검,한국,암,3,0(0/0/0),, ,,
5,6,골든펄,,,,,99,국미검,한국,암,3,0(0/0/0),, ,,
6,7,굿카우보이,,,,,28,국미검,한국,암,3,0(0/0/0),, ,,
7,8,그레이토르,,,,,26,국미검,한국,거,3,0(0/0/0),,차,,
8,9,금아시크,,,,,34,국미검,한국,암,3,0(0/0/0),, ,,
9,10,금아포쉬,,,,,54,국미검,한국,암,3,0(0/0/0),, ,,
10,11,나스티챔프,,,,,52,국미검,한국,수,3,0(0/0/0),, ,,
11,12,나올사랑,,,,,99,국미검,한국,암,3,0(0/0/0),, ,,
12,13,나우누리,,,,,32,국미검,한국,암,3,0(0/0/0),, ,,
13,14,너트플레이,,,,,3,국미검,한국,수,2,0(0/0/0),, ,,
14,15,다나은로즈,,,,,99,국미검,한국,암,3,0(0/0/0),, ,,
15,16,대왕순간이,,,,,49,국미검,한국,수,2,0(0/0/0),, ,,
16,17,대천챔프,,,,,16,국미검,한국,암,3,0(0/0/0),, ,,
17,18,데블케이,,,,,31,국미검,한국,수,3,0(0/0/0),,차,,
18,19,동방칸,,,,,23,국미검,한국,수,3,0(0/0/0),, ,,
19,20,드럼메이저,,,,,52,외미검,미국,거,3,0(0/0/0),, ,,
20,21,드림포스,,,,,22,국미검,한국,암,3,0(0/0/0),, ,,
21,22,디바인키튼,,,,,16,국미검,한국,암,3,0(0/0/0),,차,,
22,23,디자이어투윈,,,,,51,국미검,한국,거,3,0(0/0/0),,차,,
23,24,라이언헤드,,,,,22,국미검,한국,암,2,0(0/0/0),, ,,
24,25,러피언이글,,,,,53,국미검,한국,암,3,0(0/0/0),,차,,
25,26,런보이런,,,,,26,국미검,한국,거,3,0(0/0/0),, ,,
26,27,런타이거,,,,,22,외미검,미국,암,3,0(0/0/0),, ,,
27,28,리월마,,,,,49,국미검,한국,거,3,0(0/0/0),, ,,
28,29,마이블랙,,,,,27,국미검,한국,암,3,0(0/0/0),,차,,
29,30,마이티렘,,,,,24,국미검,한국,암,3,0(0/0/0),,차,,
30,31,마하스타,,,,,51,국미검,한국,암,3,0(0/0/0),, ,,
31,32,매디슨뮤직,,,,,15,국미검,한국,암,3,0(0/0/0),, ,,
32,33,매직라라,,,,,33,국미검,한국,암,3,0(0/0/0),, ,,
33,34,매직선데이,,,,,3,국미검,한국,거,3,0(0/0/0),, ,,
34,35,메니데이,,,,,51,국미검,한국,암,3,0(0/0/0),, ,,
35,36,모던캠프,,,,,37,국미검,한국,암,3,0(0/0/0),, ,,
36,37,문학토스코,,,,,1,외미검,미국,거,3,0(0/0/0),, ,,
37,38,바람의검,,,,,18,국미검,한국,수,3,0(0/0/0),, ,,
38,39,바람의칼,,,,,99,국미검,한국,거,3,0(0/0/0),, ,,
39,40,베스트군황,,,,,52,외미검,미국,수,3,0(0/0/0),, ,,
40,41,불국화,,,,,35,국미검,한국,암,3,0(0/0/0),,차,,
41,42,브라운,,,,,53,국미검,한국,수,3,0(0/0/0),, ,,
42,43,블랙케이,,,,,40,국미검,한국,암,3,0(0/0/0),, ,,
43,44,블루인디,,,,,31,국미검,한국,수,3,0(0/0/0),,차,,
44,45,비제이키스,,,,,26,국미검,한국,암,3,0(0/0/0),, ,,
45,46,비호번개,,,,,54,국미검,한국,수,3,0(0/0/0),, ,,
46,47,사려니프린스,,,,,99,국미검,한국,수,3,0(0/0/0),, ,,
47,48,삼바존,,,,,13,국미검,한국,암,3,0(0/0/0),,차,,
48,49,상산기적,,,,,54,국미검,한국,암,3,0(0/0/0),, ,,
49,50,상임과천,,,,,53,국미검,한국,거,3,0(0/0/0),,차,,
50,51,선더매직,,,,,5,국미검,한국,암,3,0(0/0/0),, ,,
51,52,성불축제,,,,,33,국미검,한국,암,3,0(0/0/0),, ,,
52,53,세륭,,,,,99,국미검,한국,수,3,0(0/0/0),, ,,
53,54,송암러너,,,,,25,국미검,한국,암,3,0(0/0/0),, ,,
54,55,슈팅리버스,,,,,52,국미검,한국,암,3,0(0/0/0),,차,,
55,56,스마티드림,,,,,99,국미검,한국,암,3,0(0/0/0),, ,,
56,57,스윙맨,,,,,26,국미검,한국,거,3,0(0/0/0),, ,,
57,58,스타태풍,,,,,53,국미검,한국,거,3,0(0/0/0),, ,,
58,59,스피드블랙,,,,,5,국미검,한국,거,3,0(0/0/0),, ,,
59,60,스피드에이스,,,,,53,국미검,한국,암,3,0(0/0/0),, ,,
60,61,시크릿킹,,,,,99,국미검,한국,수,3,0(0/0/0),, ,,
61,62,싱귤래러티,,,,,99,국미검,한국,거,3,0(0/0/0),, ,,
62,63,쏘아라미미,,,,,99,국미검,한국,암,3,0(0/0/0),, ,,
63,64,아라챔프,,,,,33,국미검,한국,암,3,0(0/0/0),, ,,
64,65,아르고탑,,,,,22,국미검,한국,수,2,0(0/0/0),, ,,
65,66,안양사자,,,,,7,국미검,한국,수,3,0(0/0/0),, ,,
66,67,야무진기대,,,,,22,외미검,미국,수,3,0(0/0/0),, ,,
67,68,야무진새강자,,,,,22,국미검,한국,암,3,0(0/0/0),, ,,
68,69,에이스삭스,,,,,34,국미검,한국,거,3,0(0/0/0),, ,,
69,70,에이원스타,,,,,49,국미검,한국,수,2,0(0/0/0),, ,,
70,71,오래함께하자,,,,,48,국미검,한국,거,3,0(0/0/0),,차,,
71,72,울프플레이,,,,,3,국미검,한국,수,2,0(0/0/0),, ,,
72,73,원더레이서,,,,,99,국미검,한국,암,3,0(0/0/0),, ,,
73,74,원더루키,,,,,99,국미검,한국,수,3,0(0/0/0),, ,,
74,75,원더풀룰즈,,,,,7,국미검,한국,수,3,0(0/0/0),, ,,
75,76,원더풀뮤직,,,,,19,국미검,한국,암,3,0(0/0/0),,차,,
76,77,원더풀스위트,,,,,99,국미검,한국,수,3,0(0/0/0),, ,,
77,78,원더풀스테핑,,,,,34,국미검,한국,암,3,0(0/0/0),, ,,
78,79,월드참,,,,,99,국미검,한국,수,3,0(0/0/0),, ,,
79,80,월드플레이,,,,,3,국미검,한국,수,2,0(0/0/0),, ,,
80,81,위대한군주,,,,,50,외미검,미국,거,3,0(0/0/0),, ,,
81,82,유로특급,,,,,26,국미검,한국,수,3,0(0/0/0),, ,,
82,83,이너피스,,,,,9,국미검,한국,암,3,0(0/0/0),, ,,
83,84,이터널선샤인,,,,,35,국미검,한국,수,3,0(0/0/0),,차,,
84,85,익스펙트,,,,,99,국미검,한국,수,3,0(0/0/0),, ,,
85,86,점프,,,,,20,국미검,한국,수,3,0(0/0/0),, ,,
86,87,정문듀마,,,,,6,국미검,한국,거,3,0(0/0/0),, ,,
87,88,정우시네마,,,,,54,국미검,한국,암,3,0(0/0/0),, ,,
88,89,정우플라잉,,,,,54,국미검,한국,수,3,0(0/0/0),, ,,
89,90,질주대세,,,,,99,국미검,한국,암,3,0(0/0/0),, ,,
90,91,차이밍보이,,,,,16,국미검,한국,수,3,0(0/0/0),,차,,
91,92,철각파워,,,,,7,국미검,한국,수,3,0(0/0/0),,차,,
92,93,초륭,,,,,99,국미검,한국,암,3,0(0/0/0),, ,,
93,94,최강돌풍,,,,,9,국미검,한국,수,4,0(0/0/0),,차,,
94,95,캡틴레드,,,,,53,국미검,한국,수,3,0(0/0/0),,차,,
95,96,코스모런,,,,,33,국미검,한국,암,3,0(0/0/0),, ,,
96,97,코스모킹,,,,,33,국미검,한국,수,3,0(0/0/0),, ,,
97,98,콰이어트참,,,,,24,국미검,한국,암,3,0(0/0/0),,차,,
98,99,퀸실버,,,,,99,국미검,한국,암,3,0(0/0/0),, ,,
99,100,퀸즈선샤인,,,,,37,국미검,한국,암,3,0(0/0/0),, ,,
100,101,퀸즈패션,,,,,53,국미검,한국,암,3,0(0/0/0),,차,,
101,102,클래스희망,,,,,4,국미검,한국,암,3,0(0/0/0),, ,,
102,103,킹칼레,,,,,9,외미검,미국,거,3,0(0/0/0),, ,,
103,104,탄산,,,,,32,국미검,한국,암,3,0(0/0/0),,차,,
104,105,투게더웨이,,,,,20,국미검,한국,수,3,0(0/0/0),,차,,
105,106,트위티파이,,,,,14,국미검,한국,암,3,0(0/0/0),, ,,
106,107,특급대로,,,,,99,국미검,한국,암,3,0(0/0/0),, ,,
107,108,티즈데이,,,,,51,국미검,한국,암,3,0(0/0/0),, ,,
108,109,티즈로켓,,,,,25,국미검,한국,수,3,0(0/0/0),, ,,
109,110,티즈탭탭,,,,,12,국미검,한국,암,3,0(0/0/0),, ,,
110,111,파워플레이,,,,,3,국미검,한국,암,2,0(0/0/0),, ,,
111,112,팍스누리,,,,,26,국미검,한국,암,3,0(0/0/0),, ,,
112,113,퍼플블레이드,,,,,48,국미검,한국,수,3,0(0/0/0),,차,,
113,114,포에버아이시,,,,,33,국미검,한국,암,3,0(0/0/0),, ,,
114,115,프라이드먼,,,,,99,국미검,한국,암,3,0(0/0/0),, ,,
115,116,프라임라벨,,,,,37,국미검,한국,암,3,0(0/0/0),,차,,
116,117,플라잉캡틴,,,,,35,국미검,한국,수,3,0(0/0/0),, ,,
117,118,피엔에스캣,,,,,37,국미검,한국,암,3,0(0/0/0),,차,,
118,119,피엔에스탑,,,,,99,국미검,한국,암,3,0(0/0/0),, ,,
119,120,하이로드,,,,,2,국미검,한국,암,3,0(0/0/0),,차,,
120,121,하이선,,,,,53,외미검,뉴질랜드,수,4,0(0/0/0),, ,,
121,122,한강여울,,,,,19,국미검,한국,암,2,0(0/0/0),, ,,
122,123,한강의기상,,,,,19,국미검,한국,수,3,0(0/0/0),, ,,
123,124,해가빛,,,,,8,국미검,한국,암,3,0(0/0/0),, ,,
124,125,행복한버미,,,,,24,국미검,한국,수,3,0(0/0/0),,차,,
125,126,헤이마마,,,,,23,국미검,한국,암,3,0(0/0/0),, ,,
126,127,헬로퀸,,,,,15,국미검,한국,암,3,0(0/0/0),, ,,
127,128,화이트캣,,,,,48,국미검,한국,거,3,0(0/0/0),,차,,
128,129,히든브레인,,,,,9,국미검,한국,암,3,0(0/0/0),, ,,
129,130,히든블레이드,,,,,31,국미검,한국,암,3,0(0/0/0),, ,,
